id,model,children,archival_object_id,has_finding_aid_1,identifier_1,institution_1,local_collection_id_1,repository_1,resource_type,rights_statement_1,license,subject_10,subject_11,subject_12,subject_13,subject_1,subject_2,subject_3,subject_4,subject_5,subject_6,subject_7,subject_8,subject_9,title_1,visibility
j3860n05q,Image,j3860n04f,247674,https://scua.uoregon.edu/repositories/2/resources/2643,PH037_b216_00831_print,http://id.loc.gov/authorities/names/n80126183,PH037,http://id.loc.gov/authorities/names/no2003116678,http://purl.org/dc/dcmitype/Image,http://rightsstatements.org/vocab/InC/1.0/,,,,,,http://id.loc.gov/authorities/subjects/sh85017769,http://id.loc.gov/authorities/subjects/sh99005337,http://id.loc.gov/authorities/subjects/sh85098119,,,,,,,"American Inn under construction, Washington Park. (recto)",open
k3569923v,Image,,,https://scua.uoregon.edu/repositories/2/resources/2643,PH037_b220_H00147_print_v,http://id.loc.gov/authorities/names/n80126183,PH037,http://id.loc.gov/authorities/names/no2003116678,http://purl.org/dc/dcmitype/Image,http://rightsstatements.org/vocab/InC/1.0/,,,,,,http://id.loc.gov/authorities/subjects/sh85127595,http://id.loc.gov/authorities/subjects/sh85087089,http://id.loc.gov/authorities/subjects/sh85098119,,,,,,,PH037_b220_H00147_print (verso),open
df737b44s,Image,,,https://scua.uoregon.edu/repositories/2/resources/2643,PH037_b161_AG00068_neg,http://id.loc.gov/authorities/names/n80126183,PH037,http://id.loc.gov/authorities/names/no2003116678,http://purl.org/dc/dcmitype/Image,http://rightsstatements.org/vocab/InC/1.0/,,,,,,http://id.loc.gov/authorities/subjects/sh85002415,http://id.loc.gov/authorities/subjects/sh85072248,,,,,,,,PH037_b161_AG00068_neg,open
df738g50x,Image,,,https://scua.uoregon.edu/repositories/2/resources/2643,PH037_b194_14682,http://id.loc.gov/authorities/names/n80126183,PH037,http://id.loc.gov/authorities/names/no2003116678,http://purl.org/dc/dcmitype/Image,http://rightsstatements.org/vocab/InC/1.0/,,,,,,http://id.loc.gov/authorities/subjects/sh85049144,http://id.loc.gov/authorities/subjects/sh85115443,http://id.loc.gov/authorities/subjects/sh85097741,http://id.loc.gov/authorities/subjects/sh85017769,,,,,,PH037_b194_14682,open
df737g85v,Image,,,https://scua.uoregon.edu/repositories/2/resources/2643,PH037_b171_62685,http://id.loc.gov/authorities/names/n80126183,PH037,http://id.loc.gov/authorities/names/no2003116678,http://purl.org/dc/dcmitype/Image,http://rightsstatements.org/vocab/InC/1.0/,,,,,,http://id.loc.gov/authorities/subjects/sh85117150,http://id.loc.gov/authorities/subjects/sh85120429,http://id.loc.gov/authorities/subjects/sh85017769,http://id.loc.gov/authorities/subjects/sh85137241,,,,,,PH037_b171_62685,open
gb19fj09j,Image,,,https://scua.uoregon.edu/repositories/2/resources/2643,PH037_b229_S01110_print,http://id.loc.gov/authorities/names/n80126183,PH037,http://id.loc.gov/authorities/names/no2003116678,http://purl.org/dc/dcmitype/Image,http://rightsstatements.org/vocab/InC/1.0/,,,,,,http://id.loc.gov/authorities/subjects/sh85074366,http://id.loc.gov/authorities/subjects/sh85087823,http://id.loc.gov/authorities/subjects/sh85028740,http://id.loc.gov/authorities/subjects/sh95008818,http://id.loc.gov/authorities/subjects/sh85114250,,,,,PH037_b229_S01110_print,open
df7378319,Image,,,https://scua.uoregon.edu/repositories/2/resources/2643,PH037_b167_74909,http://id.loc.gov/authorities/names/n80126183,PH037,http://id.loc.gov/authorities/names/no2003116678,http://purl.org/dc/dcmitype/Image,http://rightsstatements.org/vocab/InC/1.0/,,,,,,http://id.loc.gov/authorities/subjects/sh85048481,http://id.loc.gov/authorities/subjects/sh96000830,http://id.loc.gov/authorities/subjects/sh98007384,,,,,,,PH037_b167_74909,open
kp78h464r,Image,,,https://scua.uoregon.edu/repositories/2/resources/2643,PH037_b214_R00130_print_v,http://id.loc.gov/authorities/names/n80126183,PH037,http://id.loc.gov/authorities/names/no2003116678,http://purl.org/dc/dcmitype/Image,http://rightsstatements.org/vocab/InC/1.0/,,,,,,http://id.loc.gov/authorities/subjects/sh85026255,http://id.loc.gov/authorities/subjects/sh85099135,http://id.loc.gov/authorities/subjects/sh85017769,http://id.loc.gov/authorities/subjects/sh95005321,,,,,,PH037_b214_R00130_print (verso),open
df735353z,Image,,,https://scua.uoregon.edu/repositories/2/resources/2643,PH037_b156_S00518,http://id.loc.gov/authorities/names/n80126183,PH037,http://id.loc.gov/authorities/names/no2003116678,http://purl.org/dc/dcmitype/Image,http://rightsstatements.org/vocab/InC/1.0/,,,,,,http://id.loc.gov/authorities/subjects/sh85114250,http://id.loc.gov/authorities/subjects/sh85074392,http://id.loc.gov/authorities/subjects/sh85114487,http://id.loc.gov/authorities/subjects/sh85114559,,,,,,PH037_b156_S00518 Angelus Studio Photographs,open
df72ck826,Image,,,https://scua.uoregon.edu/repositories/2/resources/2643,PH037_b127_F00057,http://id.loc.gov/authorities/names/n80126183,PH037,http://id.loc.gov/authorities/names/no2003116678,http://purl.org/dc/dcmitype/Image,http://rightsstatements.org/vocab/InC/1.0/,,,,,,http://id.loc.gov/authorities/subjects/sh85116821,,,,,,,,,PH037_b127_F00057 Angelus Studio Photographs,open
df738n61g,Image,,,https://scua.uoregon.edu/repositories/2/resources/2643,PH037_b208_08917,http://id.loc.gov/authorities/names/n80126183,PH037,http://id.loc.gov/authorities/names/no2003116678,http://purl.org/dc/dcmitype/Image,http://rightsstatements.org/vocab/InC/1.0/,,,,,,http://id.loc.gov/authorities/subjects/sh85096464,http://id.loc.gov/authorities/subjects/sh85012606,http://id.loc.gov/authorities/names/n82107414,http://id.loc.gov/authorities/subjects/sh85040193,,,,,,"Cottages facing ocean. Seaside, OR.",open
j3860n81j,Image,j3860n808,244840,https://scua.uoregon.edu/repositories/2/resources/2643,PH037_b216_00906_print,http://id.loc.gov/authorities/names/n80126183,PH037,http://id.loc.gov/authorities/names/no2003116678,http://purl.org/dc/dcmitype/Image,http://rightsstatements.org/vocab/InC/1.0/,,,,,,http://id.loc.gov/authorities/subjects/sh85034333,http://id.loc.gov/authorities/subjects/sh85017769,,,,,,,,PH037_b216_00906_print (recto),open
df71g638r,Image,,,https://scua.uoregon.edu/repositories/2/resources/2643,PH037_b042_B00981,http://id.loc.gov/authorities/names/n80126183,PH037,http://id.loc.gov/authorities/names/no2003116678,http://purl.org/dc/dcmitype/Image,http://rightsstatements.org/vocab/InC/1.0/,,,,,,http://id.loc.gov/authorities/subjects/sh85017769,http://id.loc.gov/authorities/subjects/sh85062487,,,,,,,,"Hotel Oregon, Broadway and Stark, Portland. Stagecoach in front of hotel.",open
jm215b49h,Image,,,https://scua.uoregon.edu/repositories/2/resources/2643,PH037_b219_T00014_print_copy1_v,http://id.loc.gov/authorities/names/n80126183,PH037,http://id.loc.gov/authorities/names/no2003116678,http://purl.org/dc/dcmitype/Image,http://rightsstatements.org/vocab/InC/1.0/,,,,,,http://id.loc.gov/authorities/subjects/sh85100163,http://id.loc.gov/authorities/subjects/sh85050707,,,,,,,,PH037_b219_T00014_print_copy1 (verso),open
jm215879t,Image,jm215944x,254961,https://scua.uoregon.edu/repositories/2/resources/2643,PH037_b219_15512_print,http://id.loc.gov/authorities/names/n80126183,PH037,http://id.loc.gov/authorities/names/no2003116678,http://purl.org/dc/dcmitype/Image,http://rightsstatements.org/vocab/InC/1.0/,,,,,,http://id.loc.gov/authorities/subjects/sh85038703,http://id.loc.gov/authorities/subjects/sh85017693,http://id.loc.gov/authorities/subjects/sh85114250,http://id.loc.gov/authorities/subjects/sh85078097,,,,,,PH037_b219_15512_print (recto),open
ws85bc175,Image,ws85bc16w,,https://scua.uoregon.edu/repositories/2/resources/2643,PH037_b239_015r,http://id.loc.gov/authorities/names/n80126183,PH037,http://id.loc.gov/authorities/names/no2003116678,http://purl.org/dc/dcmitype/Image,http://rightsstatements.org/vocab/NoC-US/1.0/,http://creativecommons.org/publicdomain/mark/1.0/,,,,,http://id.loc.gov/authorities/subjects/sh85105203,http://id.loc.gov/authorities/subjects/sh85083510,http://id.loc.gov/authorities/subjects/sh97003715,,,,,,,PH037_b239_015r (recto),open
jm2159812,Image,,,https://scua.uoregon.edu/repositories/2/resources/2643,PH037_b219_24975_print_v,http://id.loc.gov/authorities/names/n80126183,PH037,http://id.loc.gov/authorities/names/no2003116678,http://purl.org/dc/dcmitype/Image,http://rightsstatements.org/vocab/InC/1.0/,,,,,,http://id.loc.gov/authorities/subjects/sh85110904,http://id.loc.gov/authorities/subjects/sh85078804,http://id.loc.gov/authorities/subjects/sh85111077,,,,,,,PH037_b219_24975_print (verso),open
k35696679,Image,k35696661,243652,https://scua.uoregon.edu/repositories/2/resources/2643,PH037_b220_05050_print,http://id.loc.gov/authorities/names/n80126183,PH037,http://id.loc.gov/authorities/names/no2003116678,http://purl.org/dc/dcmitype/Image,http://rightsstatements.org/vocab/InC/1.0/,,,,,,http://id.loc.gov/authorities/subjects/sh85146366,http://id.loc.gov/authorities/subjects/sh85010201,http://id.loc.gov/authorities/subjects/sh85100163,,,,,,,PH037_b220_05050_print (recto),open
jm215b36f,Image,jm215b380,251434,https://scua.uoregon.edu/repositories/2/resources/2643,PH037_b219_R00084_print_copy1,http://id.loc.gov/authorities/names/n80126183,PH037,http://id.loc.gov/authorities/names/no2003116678,http://purl.org/dc/dcmitype/Image,http://rightsstatements.org/vocab/InC/1.0/,,,,,,http://id.loc.gov/authorities/subjects/sh85110904,http://id.loc.gov/authorities/subjects/sh85137310,http://id.loc.gov/authorities/subjects/sh85050707,,,,,,,PH037_b219_R00084_print_copy1 (recto),open
df7376813,Image,,,https://scua.uoregon.edu/repositories/2/resources/2643,PH037_b165_81124,http://id.loc.gov/authorities/names/n80126183,PH037,http://id.loc.gov/authorities/names/no2003116678,http://purl.org/dc/dcmitype/Image,http://rightsstatements.org/vocab/InC/1.0/,,,,,,http://id.loc.gov/authorities/subjects/sh85134578,http://id.loc.gov/authorities/subjects/sh94000032,http://id.loc.gov/authorities/subjects/sh85134581,,,,,,,PH037_b165_81124,open
kp78hf70r,Image,,,https://scua.uoregon.edu/repositories/2/resources/2643,PH037_b215_03277_print_v,http://id.loc.gov/authorities/names/n80126183,PH037,http://id.loc.gov/authorities/names/no2003116678,http://purl.org/dc/dcmitype/Image,http://rightsstatements.org/vocab/InC/1.0/,,,,,,http://id.loc.gov/authorities/subjects/sh85038703,http://id.loc.gov/authorities/subjects/sh85121591,,,,,,,,PH037_b215_03277_print (verso),open
df738f72r,Image,,,https://scua.uoregon.edu/repositories/2/resources/2643,PH037_b193_Z01679,http://id.loc.gov/authorities/names/n80126183,PH037,http://id.loc.gov/authorities/names/no2003116678,http://purl.org/dc/dcmitype/Image,http://rightsstatements.org/vocab/InC/1.0/,,,,,,http://id.loc.gov/authorities/subjects/sh85061404,http://id.loc.gov/authorities/subjects/sh85031345,http://id.loc.gov/authorities/subjects/sh85017693,http://id.loc.gov/authorities/subjects/sh85033740,,,,,,PH037_b193_Z01679,open
n870zt50x,Image,,,https://scua.uoregon.edu/repositories/2/resources/2643,PH037_b213_06477_print_v,http://id.loc.gov/authorities/names/n80126183,PH037,http://id.loc.gov/authorities/names/no2003116678,http://purl.org/dc/dcmitype/Image,http://rightsstatements.org/vocab/InC/1.0/,,,,,,http://id.loc.gov/authorities/subjects/sh85083510,http://id.loc.gov/authorities/subjects/sh85020264,http://id.loc.gov/authorities/subjects/sh85020268,http://id.loc.gov/authorities/subjects/sh85038703,http://id.loc.gov/authorities/subjects/sh85031748,http://id.loc.gov/authorities/subjects/sh85077857,,,,PH037_b213_06477_print (verso),open
kp78h7145,Image,,,https://scua.uoregon.edu/repositories/2/resources/2643,PH037_b214_74510_print_copy3_v,http://id.loc.gov/authorities/names/n80126183,PH037,http://id.loc.gov/authorities/names/no2003116678,http://purl.org/dc/dcmitype/Image,http://rightsstatements.org/vocab/InC/1.0/,,,,,,http://id.loc.gov/authorities/subjects/sh85039407,http://id.loc.gov/authorities/subjects/sh85145303,,,,,,,,USS Arctic. (copy 3) (verso),open
jm2157836,Image,jm2156139,252843,https://scua.uoregon.edu/repositories/2/resources/2643,PH037_b218_S01090_print,http://id.loc.gov/authorities/names/n80126183,PH037,http://id.loc.gov/authorities/names/no2003116678,http://purl.org/dc/dcmitype/Image,http://rightsstatements.org/vocab/InC/1.0/,,,,,,http://id.loc.gov/authorities/subjects/sh85110904,http://id.loc.gov/authorities/subjects/sh85010201,http://id.loc.gov/authorities/subjects/sh85145720,http://id.loc.gov/authorities/subjects/sh85016829,,,,,,Multnomah Falls. (recto),open
df738c11m,Image,,,https://scua.uoregon.edu/repositories/2/resources/2643,PH037_b183_84770_copy2,http://id.loc.gov/authorities/names/n80126183,PH037,http://id.loc.gov/authorities/names/no2003116678,http://purl.org/dc/dcmitype/Image,http://rightsstatements.org/vocab/InC/1.0/,,,,,,http://id.loc.gov/authorities/subjects/sh85062487,http://id.loc.gov/authorities/subjects/sh85017769,http://id.loc.gov/authorities/subjects/sh85006587,,,,,,,"Temple Hotel, Pendleton OR (M.S. Temple).",open
df71g5602,Image,,,https://scua.uoregon.edu/repositories/2/resources/2643,PH037_b039_B00890,http://id.loc.gov/authorities/names/n80126183,PH037,http://id.loc.gov/authorities/names/no2003116678,http://purl.org/dc/dcmitype/Image,http://rightsstatements.org/vocab/InC/1.0/,,,,,,http://id.loc.gov/authorities/subjects/sh85017769,http://id.loc.gov/authorities/subjects/sh85062285,,,,,,,,"Multnomah Hospital, 2nd St., Portland, in large house on wooded grounds. Trees, driveway in foreground.",open
n870zx39j,Image,,,https://scua.uoregon.edu/repositories/2/resources/2643,PH037_b226_B00505_print_v,http://id.loc.gov/authorities/names/n80126183,PH037,http://id.loc.gov/authorities/names/no2003116678,http://purl.org/dc/dcmitype/Image,http://rightsstatements.org/vocab/InC/1.0/,,,,,,http://id.loc.gov/authorities/subjects/sh85058057,http://id.loc.gov/authorities/subjects/sh85046329,,,,,,,,"Gymnasium room with exercise equipment, mats, etc. Identified as room in US National Bank, Portland. Scale against rear wall. (verso)",open
df738970c,Image,,,https://scua.uoregon.edu/repositories/2/resources/2643,PH037_b180_Z01829,http://id.loc.gov/authorities/names/n80126183,PH037,http://id.loc.gov/authorities/names/no2003116678,http://purl.org/dc/dcmitype/Image,http://rightsstatements.org/vocab/InC/1.0/,,,,,,http://id.loc.gov/authorities/subjects/sh85123586,http://id.loc.gov/authorities/subjects/sh85025567,,,,,,,,PH037_b180_Z01829,open
j3860p50r,Image,,,https://scua.uoregon.edu/repositories/2/resources/2643,PH037_b216_H00526_print_copy2_v,http://id.loc.gov/authorities/names/n80126183,PH037,http://id.loc.gov/authorities/names/no2003116678,http://purl.org/dc/dcmitype/Image,http://rightsstatements.org/vocab/InC/1.0/,,,,,,http://id.loc.gov/authorities/subjects/sh85046347,http://id.loc.gov/authorities/subjects/sh85017769,,,,,,,,Archway at entrance to Lewis and Clark Exposition. (verso),open
ws85b858s,Image,,,https://scua.uoregon.edu/repositories/2/resources/2643,PH037_b238_040r_v,http://id.loc.gov/authorities/names/n80126183,PH037,http://id.loc.gov/authorities/names/no2003116678,http://purl.org/dc/dcmitype/Image,http://rightsstatements.org/vocab/InC/1.0/,,,,,,http://id.loc.gov/authorities/names/no2012108048,http://id.loc.gov/authorities/subjects/sh85063336,http://id.loc.gov/authorities/subjects/sh85114250,http://id.loc.gov/authorities/subjects/sh85035582,,,,,,PH037_b238_040r (verso),open
ws85bb429,Image,ws85bb40r,,https://scua.uoregon.edu/repositories/2/resources/2643,PH037_b239_096r,http://id.loc.gov/authorities/names/n80126183,PH037,http://id.loc.gov/authorities/names/no2003116678,http://purl.org/dc/dcmitype/Image,http://rightsstatements.org/vocab/NoC-US/1.0/,http://creativecommons.org/publicdomain/mark/1.0/,,,,,http://id.loc.gov/authorities/subjects/sh85046465,http://id.loc.gov/authorities/subjects/sh85121770,http://id.loc.gov/authorities/subjects/sh85017769,http://id.loc.gov/authorities/subjects/sh85034333,,,,,,PH037_b239_096r (recto),open
df737d047,Image,,,https://scua.uoregon.edu/repositories/2/resources/2643,PH037_b163_Z00612,http://id.loc.gov/authorities/names/n80126183,PH037,http://id.loc.gov/authorities/names/no2003116678,http://purl.org/dc/dcmitype/Image,http://rightsstatements.org/vocab/InC/1.0/,,,,,,http://id.loc.gov/authorities/subjects/sh85147274,http://id.loc.gov/authorities/subjects/sh85115443,http://id.loc.gov/authorities/subjects/sh85047932,http://id.loc.gov/authorities/subjects/sh85097741,http://id.loc.gov/authorities/subjects/sh85049144,,,,,PH037_b163_Z00612,open
df71g746n,Image,,,https://scua.uoregon.edu/repositories/2/resources/2643,PH037_b046_Z01294,http://id.loc.gov/authorities/names/n80126183,PH037,http://id.loc.gov/authorities/names/no2003116678,http://purl.org/dc/dcmitype/Image,http://rightsstatements.org/vocab/InC/1.0/,,,,,,http://id.loc.gov/authorities/names/n81018314,http://id.loc.gov/authorities/subjects/sh85087678,,,,,,,,Harley Davidson,open
n87100266,Image,,,https://scua.uoregon.edu/repositories/2/resources/2643,PH037_b227_17942_print_v,http://id.loc.gov/authorities/names/n80126183,PH037,http://id.loc.gov/authorities/names/no2003116678,http://purl.org/dc/dcmitype/Image,http://rightsstatements.org/vocab/InC/1.0/,,,,,,,http://id.loc.gov/authorities/subjects/sh85083510,http://id.loc.gov/authorities/subjects/sh85104183,http://id.loc.gov/authorities/subjects/sh85105182,http://id.loc.gov/authorities/subjects/sh85104214,,,,,PH037_b227_17942_print (verso),open
df737m29b,Image,,,https://scua.uoregon.edu/repositories/2/resources/2643,PH037_b176_Z00700,http://id.loc.gov/authorities/names/n80126183,PH037,http://id.loc.gov/authorities/names/no2003116678,http://purl.org/dc/dcmitype/Image,http://rightsstatements.org/vocab/InC/1.0/,,,,,,http://id.loc.gov/authorities/subjects/sh85083510,http://id.loc.gov/authorities/subjects/sh85136758,http://id.loc.gov/authorities/subjects/sh2006000151,http://id.loc.gov/authorities/subjects/sh85110906,http://id.loc.gov/authorities/subjects/sh2003005793,http://id.loc.gov/authorities/subjects/sh2006005472,,,,"Traffic Accident, Newsreel Footage",open
df7379553,Image,,,https://scua.uoregon.edu/repositories/2/resources/2643,PH037_b169_65233_copy1,http://id.loc.gov/authorities/names/n80126183,PH037,http://id.loc.gov/authorities/names/no2003116678,http://purl.org/dc/dcmitype/Image,http://rightsstatements.org/vocab/InC/1.0/,,,,,,http://id.loc.gov/authorities/subjects/sh98007384,http://id.loc.gov/authorities/subjects/sh89002541,http://id.loc.gov/authorities/subjects/sh85062487,,,,,,,PH037_b169_65233_copy1,open
bv73c9238,Image,,,https://scua.uoregon.edu/repositories/2/resources/2643,PH037_b221_12648_print_v,http://id.loc.gov/authorities/names/n80126183,PH037,http://id.loc.gov/authorities/names/no2003116678,http://purl.org/dc/dcmitype/Image,http://rightsstatements.org/vocab/InC/1.0/,,,,,,http://id.loc.gov/authorities/subjects/sh85110904,http://id.loc.gov/authorities/subjects/sh85111077,http://id.loc.gov/authorities/subjects/sh85100163,,,,,,,PH037_b221_12648_print (verso),open
df737j12r,Image,,,https://scua.uoregon.edu/repositories/2/resources/2643,PH037_b173_52460,http://id.loc.gov/authorities/names/n80126183,PH037,http://id.loc.gov/authorities/names/no2003116678,http://purl.org/dc/dcmitype/Image,http://rightsstatements.org/vocab/InC/1.0/,,,,,,http://id.loc.gov/authorities/subjects/sh85106006,http://id.loc.gov/authorities/subjects/sh2006009037,http://id.loc.gov/authorities/subjects/sh89000505,http://id.loc.gov/authorities/subjects/sh85031450,,,,,,PH037_b173_52460,open
df72cj76v,Image,,,https://scua.uoregon.edu/repositories/2/resources/2643,PH037_b122_Z01419,http://id.loc.gov/authorities/names/n80126183,PH037,http://id.loc.gov/authorities/names/no2003116678,http://purl.org/dc/dcmitype/Image,http://rightsstatements.org/vocab/InC/1.0/,,,,,,http://id.loc.gov/authorities/subjects/sh85082013,http://id.loc.gov/authorities/subjects/sh85127636,http://id.loc.gov/authorities/subjects/sh85145660,http://id.loc.gov/authorities/subjects/sh85121591,http://id.loc.gov/authorities/subjects/sh2003004821,,,,,PH037_b122_Z01419 Angelus Studio Photographs,open
df738f38f,Image,,,https://scua.uoregon.edu/repositories/2/resources/2643,PH037_b192_B00208,http://id.loc.gov/authorities/names/n80126183,PH037,http://id.loc.gov/authorities/names/no2003116678,http://purl.org/dc/dcmitype/Image,http://rightsstatements.org/vocab/InC/1.0/,,,,,,http://id.loc.gov/authorities/subjects/sh85114561,http://id.loc.gov/authorities/subjects/sh85062616,http://id.loc.gov/authorities/subjects/sh85040193,,,,,,,PH037_b192_B00208,open
jm2156784,Image,,,https://scua.uoregon.edu/repositories/2/resources/2643,PH037_b218_12744_print_v,http://id.loc.gov/authorities/names/n80126183,PH037,http://id.loc.gov/authorities/names/no2003116678,http://purl.org/dc/dcmitype/Image,http://rightsstatements.org/vocab/InC/1.0/,,,,,,http://id.loc.gov/authorities/subjects/sh85050676,http://id.loc.gov/authorities/subjects/sh85114487,http://id.loc.gov/authorities/subjects/sh85078097,http://id.loc.gov/authorities/subjects/sh85010201,,,,,,"Cedar logs dumped into Coquille River from Coos Bay wagon road, awaiting high water. (verso)",open
kp78h382g,Image,,,https://scua.uoregon.edu/repositories/2/resources/2643,PH037_b214_59839_print_v,http://id.loc.gov/authorities/names/n80126183,PH037,http://id.loc.gov/authorities/names/no2003116678,http://purl.org/dc/dcmitype/Image,http://rightsstatements.org/vocab/InC/1.0/,,,,,,http://id.loc.gov/authorities/subjects/sh85101515,http://id.loc.gov/authorities/subjects/sh85035460,http://id.loc.gov/authorities/subjects/sh85138148,,,,,,,Damascus Milk Co. truck. (verso),open
n870zs286,Image,,,https://scua.uoregon.edu/repositories/2/resources/2643,PH037_b213_32062_print_v,http://id.loc.gov/authorities/names/n80126183,PH037,http://id.loc.gov/authorities/names/no2003116678,http://purl.org/dc/dcmitype/Image,http://rightsstatements.org/vocab/InC/1.0/,,,,,,http://id.loc.gov/authorities/subjects/sh85081020,http://id.loc.gov/authorities/subjects/sh85034333,http://id.loc.gov/authorities/subjects/sh2003000203,http://id.loc.gov/authorities/subjects/sh85009151,http://id.loc.gov/authorities/subjects/sh85127212,,,,,PH037_b213_32062_print (verso),open
df72ck363,Image,,,https://scua.uoregon.edu/repositories/2/resources/2643,PH037_b124_Z01489,http://id.loc.gov/authorities/names/n80126183,PH037,http://id.loc.gov/authorities/names/no2003116678,http://purl.org/dc/dcmitype/Image,http://rightsstatements.org/vocab/InC/1.0/,,,,,,http://id.loc.gov/authorities/subjects/sh85137241,http://id.loc.gov/authorities/subjects/sh85078804,http://id.loc.gov/authorities/subjects/sh85095430,http://id.loc.gov/authorities/subjects/sh85078097,,,,,,PH037_b124_Z01489 Angelus Studio Photographs,open
ws85bb21j,Image,ws85bb22t,,https://scua.uoregon.edu/repositories/2/resources/2643,PH037_b239_087r,http://id.loc.gov/authorities/names/n80126183,PH037,http://id.loc.gov/authorities/names/no2003116678,http://purl.org/dc/dcmitype/Image,http://rightsstatements.org/vocab/InC/1.0/,,,,,,http://id.loc.gov/authorities/subjects/sh85105203,http://id.loc.gov/authorities/subjects/sh98007361,http://id.loc.gov/authorities/subjects/sh85083510,,,,,,,PH037_b239_087r (recto),open
jm214p67b,Image,,,https://scua.uoregon.edu/repositories/2/resources/2643,PH037_b217_07028_print_v,http://id.loc.gov/authorities/names/n80126183,PH037,http://id.loc.gov/authorities/names/no2003116678,http://purl.org/dc/dcmitype/Image,http://rightsstatements.org/vocab/InC/1.0/,,,,,,http://id.loc.gov/authorities/subjects/sh85147274,http://id.loc.gov/authorities/subjects/sh85049144,http://id.loc.gov/authorities/subjects/sh85097741,,,,,,,PH037_b217_07028_print (verso),open
df737d61v,Image,,,https://scua.uoregon.edu/repositories/2/resources/2643,PH037_b164_71585,http://id.loc.gov/authorities/names/n80126183,PH037,http://id.loc.gov/authorities/names/no2003116678,http://purl.org/dc/dcmitype/Image,http://rightsstatements.org/vocab/InC/1.0/,,,,,,http://id.loc.gov/authorities/subjects/sh85034369,http://id.loc.gov/authorities/subjects/sh85114250,,,,,,,,PH037_b164_71585,open
df737j149,Image,,,https://scua.uoregon.edu/repositories/2/resources/2643,PH037_b173_54609,http://id.loc.gov/authorities/names/n80126183,PH037,http://id.loc.gov/authorities/names/no2003116678,http://purl.org/dc/dcmitype/Image,http://rightsstatements.org/vocab/InC/1.0/,,,,,,http://id.loc.gov/authorities/subjects/sh00005849,http://id.loc.gov/authorities/names/n80022512,http://id.loc.gov/authorities/subjects/sh85094201,,,,,,,PH037_b173_54609,open
jm2156759,Image,jm2156741,248671,https://scua.uoregon.edu/repositories/2/resources/2643,PH037_b218_10346_print_copy1,http://id.loc.gov/authorities/names/n80126183,PH037,http://id.loc.gov/authorities/names/no2003116678,http://purl.org/dc/dcmitype/Image,http://rightsstatements.org/vocab/InC/1.0/,,,,,,http://id.loc.gov/authorities/subjects/sh85114250,http://id.loc.gov/authorities/subjects/sh85087823,http://id.loc.gov/authorities/subjects/sh85048879,,,,,,,PH037_b218_10346_print_copy1 (recto),open
df738q73p,Image,,,https://scua.uoregon.edu/repositories/2/resources/2643,PH037_b210_76608_nitrate,http://id.loc.gov/authorities/names/n80126183,PH037,http://id.loc.gov/authorities/names/no2003116678,http://purl.org/dc/dcmitype/Image,http://rightsstatements.org/vocab/InC/1.0/,,,,,,http://id.loc.gov/authorities/subjects/sh85006587,http://id.loc.gov/authorities/subjects/sh85044442,http://id.loc.gov/authorities/subjects/sh85025866,,,,,,,"Architectural Drawing. Sutton, Whitney & Aandahl Architects, St. John's Episcopal Church. Bandon, OR",open
df734v42t,Image,,,https://scua.uoregon.edu/repositories/2/resources/2643,PH037_b145_T84214,http://id.loc.gov/authorities/names/n80126183,PH037,http://id.loc.gov/authorities/names/no2003116678,http://purl.org/dc/dcmitype/Image,http://rightsstatements.org/vocab/InC/1.0/,,,,,,http://id.loc.gov/authorities/subjects/sh85137241,http://id.loc.gov/authorities/subjects/sh85078814,http://id.loc.gov/authorities/subjects/sh85135386,,,,,,,Several Trunks.,open
kp78hd80s,Image,kp78hd812,254150,https://scua.uoregon.edu/repositories/2/resources/2643,PH037_b215_01766_print,http://id.loc.gov/authorities/names/n80126183,PH037,http://id.loc.gov/authorities/names/no2003116678,http://purl.org/dc/dcmitype/Image,http://rightsstatements.org/vocab/InC/1.0/,,,,,,http://id.loc.gov/authorities/subjects/sh85121591,http://id.loc.gov/authorities/subjects/sh85038703,http://id.loc.gov/authorities/subjects/sh2009124401,,,,,,,PH037_b215_01766_print (recto),open
df7352142,Image,,,https://scua.uoregon.edu/repositories/2/resources/2643,PH037_b154_S00039_neg,http://id.loc.gov/authorities/names/n80126183,PH037,http://id.loc.gov/authorities/names/no2003116678,http://purl.org/dc/dcmitype/Image,http://rightsstatements.org/vocab/InC/1.0/,,,,,,http://id.loc.gov/authorities/subjects/sh85074366,http://id.loc.gov/authorities/subjects/sh86003920,,,,,,,,PH037_b154_S00039_neg Angelus Studio Photographs,open
df738t92h,Image,,,https://scua.uoregon.edu/repositories/2/resources/2643,PH037_b204_32585,http://id.loc.gov/authorities/names/n80126183,PH037,http://id.loc.gov/authorities/names/no2003116678,http://purl.org/dc/dcmitype/Image,http://rightsstatements.org/vocab/InC/1.0/,,,,,,http://id.loc.gov/authorities/subjects/sh85131230,http://id.loc.gov/authorities/subjects/sh85083510,http://id.loc.gov/authorities/subjects/sh85137241,http://id.loc.gov/authorities/subjects/sh85096148,http://id.loc.gov/authorities/subjects/sh85023418,,,,,PH037_b204_32585,open
kp78h558t,Image,,,https://scua.uoregon.edu/repositories/2/resources/2643,PH037_b214_47190_print_v,http://id.loc.gov/authorities/names/n80126183,PH037,http://id.loc.gov/authorities/names/no2003116678,http://purl.org/dc/dcmitype/Image,http://rightsstatements.org/vocab/InC/1.0/,,,,,,http://id.loc.gov/authorities/subjects/sh85017769,http://id.loc.gov/authorities/subjects/sh87006879,http://id.loc.gov/authorities/subjects/sh85137053,,,,,,,PH037_b214_47190_print (verso),open
df738g516,Image,,,https://scua.uoregon.edu/repositories/2/resources/2643,PH037_b194_15191,http://id.loc.gov/authorities/names/n80126183,PH037,http://id.loc.gov/authorities/names/no2003116678,http://purl.org/dc/dcmitype/Image,http://rightsstatements.org/vocab/InC/1.0/,,,,,,http://id.loc.gov/authorities/subjects/sh85033238,http://id.loc.gov/authorities/subjects/sh85114811,http://id.loc.gov/authorities/subjects/sh94002186,,,,,,,PH037_b194_15191,open
jm214q43z,Image,jm214q41d,244954,https://scua.uoregon.edu/repositories/2/resources/2643,PH037_b217_11958_print,http://id.loc.gov/authorities/names/n80126183,PH037,http://id.loc.gov/authorities/names/no2003116678,http://purl.org/dc/dcmitype/Image,http://rightsstatements.org/vocab/InC/1.0/,,,,,,http://id.loc.gov/authorities/subjects/sh95006923,http://id.loc.gov/authorities/subjects/sh85034333,http://id.loc.gov/authorities/subjects/sh85100163,http://id.loc.gov/authorities/subjects/sh85023418,,,,,,PH037_b217_11958_print (recto),open
df734w67w,Image,,,https://scua.uoregon.edu/repositories/2/resources/2643,PH037_b147_R00245,http://id.loc.gov/authorities/names/n80126183,PH037,http://id.loc.gov/authorities/names/no2003116678,http://purl.org/dc/dcmitype/Image,http://rightsstatements.org/vocab/InC/1.0/,,,,,,http://id.loc.gov/authorities/subjects/sh95005321,http://id.loc.gov/authorities/subjects/sh2006005472,http://id.loc.gov/authorities/subjects/sh85083510,http://id.loc.gov/authorities/subjects/sh85001086,,,,,,PH037_b147_R00245 Angelus Studio Photographs,open
jm214q05j,Image,jm214q048,244937,https://scua.uoregon.edu/repositories/2/resources/2643,PH037_b217_09221_print,http://id.loc.gov/authorities/names/n80126183,PH037,http://id.loc.gov/authorities/names/no2003116678,http://purl.org/dc/dcmitype/Image,http://rightsstatements.org/vocab/InC/1.0/,,,,,,http://id.loc.gov/authorities/subjects/sh85049144,http://id.loc.gov/authorities/subjects/sh85097741,http://id.loc.gov/authorities/subjects/sh85017769,,,,,,,PH037_b217_09221_print (recto),open
df738k01m,Image,,,https://scua.uoregon.edu/repositories/2/resources/2643,PH037_b206_Z00547,http://id.loc.gov/authorities/names/n80126183,PH037,http://id.loc.gov/authorities/names/no2003116678,http://purl.org/dc/dcmitype/Image,http://rightsstatements.org/vocab/InC/1.0/,,,,,,http://id.loc.gov/authorities/subjects/sh85047932,http://id.loc.gov/authorities/subjects/sh2007002543,http://id.loc.gov/authorities/subjects/sh85034346,http://id.loc.gov/authorities/subjects/sh89000505,http://id.loc.gov/authorities/names/n82215451,http://id.loc.gov/authorities/subjects/sh85034333,http://id.loc.gov/authorities/subjects/sh85023418,,,Portland Junior Rose Festival,open
df734s813,Image,,,https://scua.uoregon.edu/repositories/2/resources/2643,PH037_b143_07224,http://id.loc.gov/authorities/names/n80126183,PH037,http://id.loc.gov/authorities/names/no2003116678,http://purl.org/dc/dcmitype/Image,http://rightsstatements.org/vocab/InC/1.0/,,,,,,http://id.loc.gov/authorities/subjects/sh85017769,http://id.loc.gov/authorities/subjects/sh85062487,,,,,,,,PH037_b143_07224 Angelus Studio Photographs,open
df7355345,Image,,,https://scua.uoregon.edu/repositories/2/resources/2643,PH037_b159_T00400,http://id.loc.gov/authorities/names/n80126183,PH037,http://id.loc.gov/authorities/names/no2003116678,http://purl.org/dc/dcmitype/Image,http://rightsstatements.org/vocab/InC/1.0/,,,,,,http://id.loc.gov/authorities/subjects/sh85078097,http://id.loc.gov/authorities/subjects/sh85135386,http://id.loc.gov/authorities/subjects/sh85117794,http://id.loc.gov/authorities/subjects/sh85078096,http://id.loc.gov/authorities/subjects/sh85050707,http://id.loc.gov/authorities/subjects/sh85010581,,,,Sawing log.,open
df72cq74b,Image,,,https://scua.uoregon.edu/repositories/2/resources/2643,PH037_b139_S00676,http://id.loc.gov/authorities/names/n80126183,PH037,http://id.loc.gov/authorities/names/no2003116678,http://purl.org/dc/dcmitype/Image,http://rightsstatements.org/vocab/InC/1.0/,,,,,,http://id.loc.gov/authorities/subjects/sh85114749,http://id.loc.gov/authorities/subjects/sh85016829,http://id.loc.gov/authorities/subjects/sh85114487,http://id.loc.gov/authorities/subjects/sh85145720,http://id.loc.gov/authorities/subjects/sh85028742,http://id.loc.gov/authorities/subjects/sh85137241,http://id.loc.gov/authorities/subjects/sh96009624,http://id.loc.gov/authorities/subjects/sh85074392,,PH037_b139_S00676 Angelus Studio Photographs,open
df72ck79w,Image,,,https://scua.uoregon.edu/repositories/2/resources/2643,PH037_b127_F00010,http://id.loc.gov/authorities/names/n80126183,PH037,http://id.loc.gov/authorities/names/no2003116678,http://purl.org/dc/dcmitype/Image,http://rightsstatements.org/vocab/InC/1.0/,,,,,,http://id.loc.gov/authorities/subjects/sh85012515,http://id.loc.gov/authorities/subjects/sh85026547,http://id.loc.gov/authorities/subjects/sh85012606,,,,,,,PH037_b127_F00010 Angelus Studio Photographs,open
ws859h59b,Image,ws859h582,243673,https://scua.uoregon.edu/repositories/2/resources/2643,PH037_b224_AG00475_print,http://id.loc.gov/authorities/names/n80126183,PH037,http://id.loc.gov/authorities/names/no2003116678,http://purl.org/dc/dcmitype/Image,http://rightsstatements.org/vocab/InC/1.0/,,,,,,http://id.loc.gov/authorities/subjects/sh85002338,http://id.loc.gov/authorities/subjects/sh85034249,http://id.loc.gov/authorities/subjects/sh85059216,http://id.loc.gov/authorities/subjects/sh85062160,http://id.loc.gov/authorities/subjects/sh85059214,http://id.loc.gov/authorities/subjects/sh85002415,,,,PH037_b224_AG00475 (recto),open
df737b84r,Image,,,https://scua.uoregon.edu/repositories/2/resources/2643,PH037_b162_81063,http://id.loc.gov/authorities/names/n80126183,PH037,http://id.loc.gov/authorities/names/no2003116678,http://purl.org/dc/dcmitype/Image,http://rightsstatements.org/vocab/InC/1.0/,,,,,,http://id.loc.gov/authorities/subjects/sh89002541,http://id.loc.gov/authorities/subjects/sh85035460,http://id.loc.gov/authorities/subjects/sh85036583,http://id.loc.gov/authorities/subjects/sh85035466,,,,,,PH037_b162_81063,open
kp78hf09j,Image,,,https://scua.uoregon.edu/repositories/2/resources/2643,PH037_b215_23710_print_v,http://id.loc.gov/authorities/names/n80126183,PH037,http://id.loc.gov/authorities/names/no2003116678,http://purl.org/dc/dcmitype/Image,http://rightsstatements.org/vocab/InC/1.0/,,,,,,http://id.loc.gov/authorities/subjects/sh85010201,http://id.loc.gov/authorities/subjects/sh85034333,http://id.loc.gov/authorities/subjects/sh85011609,,,,,,,PH037_b215_23710_print (verso),open
df737n601,Image,,,https://scua.uoregon.edu/repositories/2/resources/2643,PH037_b178_B00308,http://id.loc.gov/authorities/names/n80126183,PH037,http://id.loc.gov/authorities/names/no2003116678,http://purl.org/dc/dcmitype/Image,http://rightsstatements.org/vocab/InC/1.0/,,,,,,http://id.loc.gov/authorities/subjects/sh85134653,http://id.loc.gov/authorities/subjects/sh85105462,http://id.loc.gov/authorities/subjects/sh85137241,http://id.loc.gov/authorities/names/no2013088317,,,,,,"Kimball College of Theology, Salem, OR. Copy of postcard photo.",open
kp78hg475,Image,kp78hg46w,247641,https://scua.uoregon.edu/repositories/2/resources/2643,PH037_b215_33582_print,http://id.loc.gov/authorities/names/n80126183,PH037,http://id.loc.gov/authorities/names/no2003116678,http://purl.org/dc/dcmitype/Image,http://rightsstatements.org/vocab/InC/1.0/,,,,,,http://id.loc.gov/authorities/subjects/sh85017769,http://id.loc.gov/authorities/subjects/sh85010201,,,,,,,,Mayer Building. (recto),open
ws859q16s,Image,,,https://scua.uoregon.edu/repositories/2/resources/2643,PH037_b231_R00298_print_v,http://id.loc.gov/authorities/names/n80126183,PH037,http://id.loc.gov/authorities/names/no2003116678,http://purl.org/dc/dcmitype/Image,http://rightsstatements.org/vocab/InC/1.0/,,,,,,http://id.loc.gov/authorities/subjects/sh85041974,http://id.loc.gov/authorities/subjects/sh85041788,http://id.loc.gov/authorities/subjects/sh85110904,http://id.loc.gov/authorities/subjects/sh2007010911,,,,,,PH037_b231_R00299_print (verso),open
ws859s76n,Image,,,https://scua.uoregon.edu/repositories/2/resources/2643,PH037_b232_29062_print_v,http://id.loc.gov/authorities/names/n80126183,PH037,http://id.loc.gov/authorities/names/no2003116678,http://purl.org/dc/dcmitype/Image,http://rightsstatements.org/vocab/InC/1.0/,,http://id.loc.gov/authorities/subjects/sh85119367,,,,http://id.loc.gov/authorities/subjects/sh85017769,http://id.loc.gov/authorities/subjects/sh99001238,http://id.loc.gov/authorities/subjects/sh99001232,http://id.loc.gov/authorities/subjects/sh85093871,http://id.loc.gov/authorities/subjects/sh87002620,http://id.loc.gov/authorities/subjects/sh2008004848,http://id.loc.gov/authorities/subjects/sh85026130,http://id.loc.gov/authorities/subjects/sh87002619,http://id.loc.gov/authorities/subjects/sh85012606,"Seaside, OR., from the air. (verso)",open
df71fp422,Image,,,https://scua.uoregon.edu/repositories/2/resources/2643,PH037_b004_AG00165,http://id.loc.gov/authorities/names/n80126183,PH037,http://id.loc.gov/authorities/names/no2003116678,http://purl.org/dc/dcmitype/Image,http://rightsstatements.org/vocab/InC/1.0/,,,,,,http://id.loc.gov/authorities/subjects/sh86001765,http://id.loc.gov/authorities/subjects/sh85144968,http://id.loc.gov/authorities/subjects/sh85144973,http://id.loc.gov/authorities/subjects/sh85093481,http://id.loc.gov/authorities/subjects/sh85093442,,,,,PH037_b004_AG00165 Angelus Studio Photographs,open
gb19fj86n,Image,,,https://scua.uoregon.edu/repositories/2/resources/2643,PH037_b229_13457_print,http://id.loc.gov/authorities/names/n80126183,PH037,http://id.loc.gov/authorities/names/no2003116678,http://purl.org/dc/dcmitype/Image,http://rightsstatements.org/vocab/InC/1.0/,,,,,,http://id.loc.gov/authorities/subjects/sh85074392,http://id.loc.gov/authorities/subjects/sh85087823,http://id.loc.gov/authorities/subjects/sh85121208,http://id.loc.gov/authorities/subjects/sh85077784,,,,,,Sheep grazing in mountains.,open
ws859h450,Image,,,https://scua.uoregon.edu/repositories/2/resources/2643,PH037_b224_58899_print_copy2_v,http://id.loc.gov/authorities/names/n80126183,PH037,http://id.loc.gov/authorities/names/no2003116678,http://purl.org/dc/dcmitype/Image,http://rightsstatements.org/vocab/InC/1.0/,,,,,,http://id.loc.gov/authorities/subjects/sh85114250,http://id.loc.gov/authorities/subjects/sh85121591,http://id.loc.gov/authorities/subjects/sh85026130,http://id.loc.gov/authorities/subjects/sh85087168,http://id.loc.gov/authorities/subjects/sh85058838,,,,,PH037_b224_58899 (copy 2) (verso),open
kp78h352r,Image,kp78h346m,247493,https://scua.uoregon.edu/repositories/2/resources/2643,PH037_b214_41293_print,http://id.loc.gov/authorities/names/n80126183,PH037,http://id.loc.gov/authorities/names/no2003116678,http://purl.org/dc/dcmitype/Image,http://rightsstatements.org/vocab/InC/1.0/,,,,,,http://id.loc.gov/authorities/subjects/sh85017769,http://id.loc.gov/authorities/subjects/sh85128377,http://id.loc.gov/authorities/subjects/sh85083595,,,,,,,W. P. and Washington (recto),open
df71g5424,Image,,,https://scua.uoregon.edu/repositories/2/resources/2643,PH037_b038_B00870,http://id.loc.gov/authorities/names/n80126183,PH037,http://id.loc.gov/authorities/names/no2003116678,http://purl.org/dc/dcmitype/Image,http://rightsstatements.org/vocab/InC/1.0/,,,,,,http://id.loc.gov/authorities/subjects/sh85094168,http://id.loc.gov/authorities/subjects/sh85121770,http://id.loc.gov/authorities/subjects/sh85017769,http://id.loc.gov/authorities/subjects/sh85128377,http://id.loc.gov/authorities/subjects/sh85028921,,,,,PH037_b038_B00870 Angelus Studio Photographs,open
df738c844,Image,,,https://scua.uoregon.edu/repositories/2/resources/2643,PH037_b188_Z01036,http://id.loc.gov/authorities/names/n80126183,PH037,http://id.loc.gov/authorities/names/no2003116678,http://purl.org/dc/dcmitype/Image,http://rightsstatements.org/vocab/InC/1.0/,,,,,,http://id.loc.gov/authorities/subjects/sh85110904,http://id.loc.gov/authorities/subjects/sh85114250,http://id.loc.gov/authorities/subjects/sh85040193,,,,,,,PH037_b188_Z01036,open
n870zx67q,Image,,,https://scua.uoregon.edu/repositories/2/resources/2643,PH037_b226_H00114_print_copy2_v,http://id.loc.gov/authorities/names/n80126183,PH037,http://id.loc.gov/authorities/names/no2003116678,http://purl.org/dc/dcmitype/Image,http://rightsstatements.org/vocab/InC/1.0/,,,,,,http://id.loc.gov/authorities/subjects/sh85065184,http://id.loc.gov/authorities/subjects/sh85015539,http://id.loc.gov/authorities/subjects/sh85018080,http://id.loc.gov/authorities/subjects/sh85087089,,,,,,PH037_b226_H00114_print_copy2 (verso),open
df734t96x,Image,,,https://scua.uoregon.edu/repositories/2/resources/2643,PH037_b144_TR00035,http://id.loc.gov/authorities/names/n80126183,PH037,http://id.loc.gov/authorities/names/no2003116678,http://purl.org/dc/dcmitype/Image,http://rightsstatements.org/vocab/InC/1.0/,,,,,,http://id.loc.gov/authorities/subjects/sh85062160,http://id.loc.gov/authorities/subjects/sh2002004206,http://id.loc.gov/authorities/subjects/sh89000505,,,,,,,Pioneer stage coach.,open
df738v09g,Image,,,https://scua.uoregon.edu/repositories/2/resources/2643,PH037_b205_17914,http://id.loc.gov/authorities/names/n80126183,PH037,http://id.loc.gov/authorities/names/no2003116678,http://purl.org/dc/dcmitype/Image,http://rightsstatements.org/vocab/InC/1.0/,,,,,,http://id.loc.gov/authorities/subjects/sh85147274,http://id.loc.gov/authorities/subjects/sh85105203,http://id.loc.gov/authorities/subjects/sh85104214,,,,,,,"Women's Police Dept., 10 Women standing in front of a building.",open
gb19ff772,Image,,,https://scua.uoregon.edu/repositories/2/resources/2643,PH037_b228_00575_print,http://id.loc.gov/authorities/names/n80126183,PH037,http://id.loc.gov/authorities/names/no2003116678,http://purl.org/dc/dcmitype/Image,http://rightsstatements.org/vocab/InC/1.0/,,,,,,http://id.loc.gov/authorities/subjects/sh85046354,http://id.loc.gov/authorities/subjects/sh85058636,http://id.loc.gov/authorities/subjects/sh85083510,,,,,,,Dempster Pumps display.,open
kp78h630b,Image,,,https://scua.uoregon.edu/repositories/2/resources/2643,PH037_b214_49987_print_v,http://id.loc.gov/authorities/names/n80126183,PH037,http://id.loc.gov/authorities/names/no2003116678,http://purl.org/dc/dcmitype/Image,http://rightsstatements.org/vocab/InC/1.0/,,,,,,http://id.loc.gov/authorities/subjects/sh85017769,http://id.loc.gov/authorities/subjects/sh85017693,,,,,,,,Telephone Building.Â 7 in a series of 7 (verso),open
df7378921,Image,,,https://scua.uoregon.edu/repositories/2/resources/2643,PH037_b168_70212_copy1,http://id.loc.gov/authorities/names/n80126183,PH037,http://id.loc.gov/authorities/names/no2003116678,http://purl.org/dc/dcmitype/Image,http://rightsstatements.org/vocab/InC/1.0/,,,,,,http://id.loc.gov/authorities/subjects/sh98007384,http://id.loc.gov/authorities/subjects/sh85121770,http://id.loc.gov/authorities/subjects/sh89002541,,,,,,,PH037_b168_70212_copy1,open
df735290w,Image,,,https://scua.uoregon.edu/repositories/2/resources/2643,PH037_b155_SH00326,http://id.loc.gov/authorities/names/n80126183,PH037,http://id.loc.gov/authorities/names/no2003116678,http://purl.org/dc/dcmitype/Image,http://rightsstatements.org/vocab/InC/1.0/,,,,,,http://id.loc.gov/authorities/subjects/sh85121560,http://id.loc.gov/authorities/subjects/sh85121557,http://id.loc.gov/authorities/subjects/sh85121668,,,,,,,Grant Smith Company. St. Johns Terminal Elevator.  Job 116.,open
df71zw834,Image,,,https://scua.uoregon.edu/repositories/2/resources/2643,PH037_b074_MC00120,http://id.loc.gov/authorities/names/n80126183,PH037,http://id.loc.gov/authorities/names/no2003116678,http://purl.org/dc/dcmitype/Image,http://rightsstatements.org/vocab/InC/1.0/,,,,,,http://id.loc.gov/authorities/subjects/sh85063336,http://id.loc.gov/authorities/subjects/sh85113074,http://id.loc.gov/authorities/subjects/sh85083510,,,,,,,PH037_b074_MC00120 Angelus Studio Photographs,open
jm215738c,Image,,,https://scua.uoregon.edu/repositories/2/resources/2643,PH037_b218_05614_print_v,http://id.loc.gov/authorities/names/n80126183,PH037,http://id.loc.gov/authorities/names/no2003116678,http://purl.org/dc/dcmitype/Image,http://rightsstatements.org/vocab/InC/1.0/,,,,,,http://id.loc.gov/authorities/subjects/sh85114487,http://id.loc.gov/authorities/subjects/sh99005337,http://id.loc.gov/authorities/subjects/sh85016829,,,,,,,"Pacific Highway -Canyon Creek Arch -5 miles south of Canyonville, Douglas County (verso)",open
df7389893,Image,,,https://scua.uoregon.edu/repositories/2/resources/2643,PH037_b180_Z01824,http://id.loc.gov/authorities/names/n80126183,PH037,http://id.loc.gov/authorities/names/no2003116678,http://purl.org/dc/dcmitype/Image,http://rightsstatements.org/vocab/InC/1.0/,,,,,,http://id.loc.gov/authorities/subjects/sh94000032,http://id.loc.gov/authorities/subjects/sh95007137,,,,,,,,PH037_b180_Z01824,open
df71g5709,Image,,,https://scua.uoregon.edu/repositories/2/resources/2643,PH037_b039_B00903,http://id.loc.gov/authorities/names/n80126183,PH037,http://id.loc.gov/authorities/names/no2003116678,http://purl.org/dc/dcmitype/Image,http://rightsstatements.org/vocab/InC/1.0/,,,,,,http://id.loc.gov/authorities/subjects/sh85040193,http://id.loc.gov/authorities/subjects/sh85005908,http://id.loc.gov/authorities/subjects/sh85017769,,,,,,,"Leeds Apartment building, Market St., Portland. Front view of building, cord wood stacked on sidewalk.",open
df71gv57w,Image,,,https://scua.uoregon.edu/repositories/2/resources/2643,PH037_b047_CE00055,http://id.loc.gov/authorities/names/n80126183,PH037,http://id.loc.gov/authorities/names/no2003116678,http://purl.org/dc/dcmitype/Image,http://rightsstatements.org/vocab/InC/1.0/,,,,,,http://id.loc.gov/authorities/subjects/sh85022579,http://id.loc.gov/authorities/subjects/sh85021756,http://id.loc.gov/authorities/subjects/sh85017769,,,,,,,PH037_b047_CE00055 Angelus Studio Photographs,open
df735156c,Image,,,https://scua.uoregon.edu/repositories/2/resources/2643,PH037_b153_T00093,http://id.loc.gov/authorities/names/n80126183,PH037,http://id.loc.gov/authorities/names/no2003116678,http://purl.org/dc/dcmitype/Image,http://rightsstatements.org/vocab/InC/1.0/,,,,,,http://id.loc.gov/authorities/subjects/sh00006584,http://id.loc.gov/authorities/subjects/sh85078814,http://id.loc.gov/authorities/subjects/sh85078097,http://id.loc.gov/authorities/subjects/sh96010312,,,,,,PH037_b153_T00093 Angelus Studio Photographs,open
df71g6501,Image,,,https://scua.uoregon.edu/repositories/2/resources/2643,PH037_b042_B01085,http://id.loc.gov/authorities/names/n80126183,PH037,http://id.loc.gov/authorities/names/no2003116678,http://purl.org/dc/dcmitype/Image,http://rightsstatements.org/vocab/InC/1.0/,,,,,,http://id.loc.gov/authorities/subjects/sh85062487,http://id.loc.gov/authorities/subjects/sh85076930,http://id.loc.gov/authorities/subjects/sh85017769,,,,,,,"Night photo of Hotel Multnomah, Portland. Outline of building in lights, lighted marquee over street.",open
ws85b826h,Image,ws85b8168,,https://scua.uoregon.edu/repositories/2/resources/2643,PH037_b238_003r,http://id.loc.gov/authorities/names/n80126183,PH037,http://id.loc.gov/authorities/names/no2003116678,http://purl.org/dc/dcmitype/Image,http://rightsstatements.org/vocab/InC/1.0/,,,,,,http://id.loc.gov/authorities/subjects/sh85103400,http://id.loc.gov/authorities/subjects/sh85108858,http://id.loc.gov/authorities/subjects/sh85051067,http://id.loc.gov/authorities/subjects/sh85063336,,,,,,PH037_b238_003r (recto),open
df738r699,Image,,,https://scua.uoregon.edu/repositories/2/resources/2643,PH037_b201_46888,http://id.loc.gov/authorities/names/n80126183,PH037,http://id.loc.gov/authorities/names/no2003116678,http://purl.org/dc/dcmitype/Image,http://rightsstatements.org/vocab/InC/1.0/,,,,,,http://id.loc.gov/authorities/subjects/sh85098709,http://id.loc.gov/authorities/subjects/sh85024472,http://id.loc.gov/authorities/subjects/sh85083510,http://id.loc.gov/authorities/subjects/sh85024470,,,,,,PH037_b201_46888,open
df738f39q,Image,,,https://scua.uoregon.edu/repositories/2/resources/2643,PH037_b192_B00210,http://id.loc.gov/authorities/names/n80126183,PH037,http://id.loc.gov/authorities/names/no2003116678,http://purl.org/dc/dcmitype/Image,http://rightsstatements.org/vocab/InC/1.0/,,,,,,http://id.loc.gov/authorities/subjects/sh85017769,http://id.loc.gov/authorities/subjects/sh85010172,http://id.loc.gov/authorities/subjects/sh85060836,http://id.loc.gov/authorities/subjects/sh98007384,http://id.loc.gov/authorities/subjects/sh85094168,,,,,PH037_b192_B00210,open
gb19fj729,Image,,,https://scua.uoregon.edu/repositories/2/resources/2643,PH037_b229_00093_print_copy2_v,http://id.loc.gov/authorities/names/n80126183,PH037,http://id.loc.gov/authorities/names/no2003116678,http://purl.org/dc/dcmitype/Image,http://rightsstatements.org/vocab/NoC-US/1.0/,http://creativecommons.org/publicdomain/mark/1.0/,,,,,http://id.loc.gov/authorities/subjects/sh85086422,http://id.loc.gov/authorities/subjects/sh85147274,http://id.loc.gov/authorities/subjects/sh85012328,http://id.loc.gov/authorities/subjects/sh85031543,,,,,,"Bathing Girls parade and contest, Columbia Beach. (verso)",open
n870zw61v,Image,,,https://scua.uoregon.edu/repositories/2/resources/2643,PH037_b226_Z00369_print_copy3_v,http://id.loc.gov/authorities/names/n80126183,PH037,http://id.loc.gov/authorities/names/no2003116678,http://purl.org/dc/dcmitype/Image,http://rightsstatements.org/vocab/InC/1.0/,,,,,,http://id.loc.gov/authorities/subjects/sh85078076,http://id.loc.gov/authorities/subjects/sh85050707,http://id.loc.gov/authorities/subjects/sh85137241,http://id.loc.gov/authorities/subjects/sh85083510,,,,,,PH037_b226_Z00369_print_copy3 (verso),open
df738h52p,Image,,,https://scua.uoregon.edu/repositories/2/resources/2643,PH037_b198_74381,http://id.loc.gov/authorities/names/n80126183,PH037,http://id.loc.gov/authorities/names/no2003116678,http://purl.org/dc/dcmitype/Image,http://rightsstatements.org/vocab/InC/1.0/,,,,,,http://id.loc.gov/authorities/subjects/sh85097741,http://id.loc.gov/authorities/subjects/sh85049144,http://id.loc.gov/authorities/subjects/sh85115443,,,,,,,"Rose Festival, 1st National Bank Float.",open
df72cr06d,Image,,,https://scua.uoregon.edu/repositories/2/resources/2643,PH037_b140_MF00502,http://id.loc.gov/authorities/names/n80126183,PH037,http://id.loc.gov/authorities/names/no2003116678,http://purl.org/dc/dcmitype/Image,http://rightsstatements.org/vocab/InC/1.0/,,,,,,http://id.loc.gov/authorities/names/no2012108048,http://id.loc.gov/authorities/subjects/sh85065835,http://id.loc.gov/authorities/subjects/sh85105986,http://id.loc.gov/authorities/subjects/sh85046823,http://id.loc.gov/authorities/subjects/sh85065869,,,,,PH037_b140_MF00502 Angelus Studio Photographs,open
jm214r62c,Image,jm214r613,245008,https://scua.uoregon.edu/repositories/2/resources/2643,PH037_b217_32622_print,http://id.loc.gov/authorities/names/n80126183,PH037,http://id.loc.gov/authorities/names/no2003116678,http://purl.org/dc/dcmitype/Image,http://rightsstatements.org/vocab/InC/1.0/,,,,,,http://id.loc.gov/authorities/subjects/sh85097741,http://id.loc.gov/authorities/subjects/sh85049144,http://id.loc.gov/authorities/subjects/sh85034333,,,,,,,PH037_b217_32622_print (recto),open
gb19fh499,Image,,,https://scua.uoregon.edu/repositories/2/resources/2643,PH037_b228_00480_print,http://id.loc.gov/authorities/names/n80126183,PH037,http://id.loc.gov/authorities/names/no2003116678,http://purl.org/dc/dcmitype/Image,http://rightsstatements.org/vocab/InC/1.0/,,,,,,http://id.loc.gov/authorities/subjects/sh85101228,http://id.loc.gov/authorities/subjects/sh85048972,http://id.loc.gov/authorities/subjects/sh85046354,,,,,,,California exhibit.,open
n870zx523,Image,,,https://scua.uoregon.edu/repositories/2/resources/2643,PH037_b226_FL00103_print_v,http://id.loc.gov/authorities/names/n80126183,PH037,http://id.loc.gov/authorities/names/no2003116678,http://purl.org/dc/dcmitype/Image,http://rightsstatements.org/vocab/InC/1.0/,,,,,,http://id.loc.gov/authorities/subjects/sh85046354,http://id.loc.gov/authorities/subjects/sh85018606,http://id.loc.gov/authorities/subjects/sh85062194,http://id.loc.gov/authorities/subjects/sh85049321,,,,,,PH037_b226_FL00103_print (verso),open
df734w45v,Image,,,https://scua.uoregon.edu/repositories/2/resources/2643,PH037_b147_R00138,http://id.loc.gov/authorities/names/n80126183,PH037,http://id.loc.gov/authorities/names/no2003116678,http://purl.org/dc/dcmitype/Image,http://rightsstatements.org/vocab/InC/1.0/,,,,,,http://id.loc.gov/authorities/subjects/sh85111156,http://id.loc.gov/authorities/subjects/sh85128595,http://id.loc.gov/authorities/subjects/sh95005321,http://id.loc.gov/authorities/subjects/sh85001086,,,,,,PH037_b147_R00138 Angelus Studio Photographs,open
df735343q,Image,,,https://scua.uoregon.edu/repositories/2/resources/2643,PH037_b156_S00509,http://id.loc.gov/authorities/names/n80126183,PH037,http://id.loc.gov/authorities/names/no2003116678,http://purl.org/dc/dcmitype/Image,http://rightsstatements.org/vocab/InC/1.0/,,,,,,http://id.loc.gov/authorities/subjects/sh85114487,http://id.loc.gov/authorities/subjects/sh85137241,,,,,,,,PH037_b156_S00509 Angelus Studio Photographs,open
df7389647,Image,,,https://scua.uoregon.edu/repositories/2/resources/2643,PH037_b180_Z01802,http://id.loc.gov/authorities/names/n80126183,PH037,http://id.loc.gov/authorities/names/no2003116678,http://purl.org/dc/dcmitype/Image,http://rightsstatements.org/vocab/InC/1.0/,,,,,,http://id.loc.gov/authorities/subjects/sh85088079,http://id.loc.gov/authorities/subjects/sh98007384,http://id.loc.gov/authorities/subjects/sh85134581,,,,,,,PH037_b180_Z01802,open
df738f45v,Image,,,https://scua.uoregon.edu/repositories/2/resources/2643,PH037_b192_B00216,http://id.loc.gov/authorities/names/n80126183,PH037,http://id.loc.gov/authorities/names/no2003116678,http://purl.org/dc/dcmitype/Image,http://rightsstatements.org/vocab/InC/1.0/,,,,,,http://id.loc.gov/authorities/subjects/sh85062487,http://id.loc.gov/authorities/subjects/sh98007384,http://id.loc.gov/authorities/subjects/sh85010172,http://id.loc.gov/authorities/subjects/sh85017769,,,,,,PH037_b192_B00216,open
df71g5670,Image,,,https://scua.uoregon.edu/repositories/2/resources/2643,PH037_b039_B00900,http://id.loc.gov/authorities/names/n80126183,PH037,http://id.loc.gov/authorities/names/no2003116678,http://purl.org/dc/dcmitype/Image,http://rightsstatements.org/vocab/InC/1.0/,,,,,,http://id.loc.gov/authorities/subjects/sh2002006395,http://id.loc.gov/authorities/subjects/sh85108620,http://id.loc.gov/authorities/subjects/sh85017769,,,,,,,"Portland Library, 10th and Yamhill. Auto on street in foreground.",open
df737g76w,Image,,,https://scua.uoregon.edu/repositories/2/resources/2643,PH037_b171_62012,http://id.loc.gov/authorities/names/n80126183,PH037,http://id.loc.gov/authorities/names/no2003116678,http://purl.org/dc/dcmitype/Image,http://rightsstatements.org/vocab/InC/1.0/,,,,,,http://id.loc.gov/authorities/subjects/sh85137241,http://id.loc.gov/authorities/subjects/sh85114250,http://id.loc.gov/authorities/subjects/sh85016834,,,,,,,Phoenix Utility Co.,open
kp78h773b,Image,,,https://scua.uoregon.edu/repositories/2/resources/2643,PH037_b214_Z00013_print_v,http://id.loc.gov/authorities/names/n80126183,PH037,http://id.loc.gov/authorities/names/no2003116678,http://purl.org/dc/dcmitype/Image,http://rightsstatements.org/vocab/InC/1.0/,,,,,,http://id.loc.gov/authorities/subjects/sh85056231,http://id.loc.gov/authorities/subjects/sh85121591,http://id.loc.gov/authorities/subjects/sh85078804,,,,,,,"Municipal Terminal No. 4 Grain Elevator with Ship, Robert Dollar in foreground. (verso)",open
df7379838,Image,,,https://scua.uoregon.edu/repositories/2/resources/2643,PH037_b169_65242,http://id.loc.gov/authorities/names/n80126183,PH037,http://id.loc.gov/authorities/names/no2003116678,http://purl.org/dc/dcmitype/Image,http://rightsstatements.org/vocab/InC/1.0/,,,,,,http://id.loc.gov/authorities/subjects/sh85062487,http://id.loc.gov/authorities/subjects/sh85062480,,,,,,,,PH037_b169_65242,open
df72cn136,Image,,,https://scua.uoregon.edu/repositories/2/resources/2643,PH037_b135_MF00801,http://id.loc.gov/authorities/names/n80126183,PH037,http://id.loc.gov/authorities/names/no2003116678,http://purl.org/dc/dcmitype/Image,http://rightsstatements.org/vocab/InC/1.0/,,,,,,http://id.loc.gov/authorities/subjects/sh85122412,http://id.loc.gov/authorities/subjects/sh2012004160,http://id.loc.gov/authorities/subjects/sh85121770,http://id.loc.gov/authorities/subjects/sh85133418,http://id.loc.gov/authorities/subjects/sh85057399,,,,,PH037_b135_MF00801 Angelus Studio Photographs,open
k35699465,Image,,,https://scua.uoregon.edu/repositories/2/resources/2643,PH037_b220_02192_print_v,http://id.loc.gov/authorities/names/n80126183,PH037,http://id.loc.gov/authorities/names/no2003116678,http://purl.org/dc/dcmitype/Image,http://rightsstatements.org/vocab/InC/1.0/,,,,,,http://id.loc.gov/authorities/subjects/sh85046823,http://id.loc.gov/authorities/subjects/sh85017769,,,,,,,,Hammond Mill. (verso),open
df738f27x,Image,,,https://scua.uoregon.edu/repositories/2/resources/2643,PH037_b192_B00194,http://id.loc.gov/authorities/names/n80126183,PH037,http://id.loc.gov/authorities/names/no2003116678,http://purl.org/dc/dcmitype/Image,http://rightsstatements.org/vocab/InC/1.0/,,,,,,http://id.loc.gov/authorities/subjects/sh85132102,http://id.loc.gov/authorities/subjects/sh85010579,http://id.loc.gov/authorities/subjects/sh85010172,,,,,,,PH037_b192_B00194,open
df737d74x,Image,,,https://scua.uoregon.edu/repositories/2/resources/2643,PH037_b164_76640_copy1,http://id.loc.gov/authorities/names/n80126183,PH037,http://id.loc.gov/authorities/names/no2003116678,http://purl.org/dc/dcmitype/Image,http://rightsstatements.org/vocab/InC/1.0/,,,,,,http://id.loc.gov/authorities/subjects/sh85074392,http://id.loc.gov/authorities/subjects/sh85016829,http://id.loc.gov/authorities/subjects/sh85121591,,,,,,,PH037_b164_76640_copy1,open
df738t40r,Image,,,https://scua.uoregon.edu/repositories/2/resources/2643,PH037_b204_28357,http://id.loc.gov/authorities/names/n80126183,PH037,http://id.loc.gov/authorities/names/no2003116678,http://purl.org/dc/dcmitype/Image,http://rightsstatements.org/vocab/InC/1.0/,,,,,,http://id.loc.gov/authorities/subjects/sh85108620,http://id.loc.gov/authorities/subjects/sh85104253,http://id.loc.gov/authorities/subjects/sh85104258,http://id.loc.gov/authorities/subjects/sh93000645,http://id.loc.gov/authorities/subjects/sh85104214,,,,,"Portland Police Dept., Headquarters-Exterior. Columbia Hall in right background.",open
df738n46c,Image,,,https://scua.uoregon.edu/repositories/2/resources/2643,PH037_b208_00210,http://id.loc.gov/authorities/names/n80126183,PH037,http://id.loc.gov/authorities/names/no2003116678,http://purl.org/dc/dcmitype/Image,http://rightsstatements.org/vocab/InC/1.0/,,,,,,http://id.loc.gov/authorities/subjects/sh85138674,http://id.loc.gov/authorities/subjects/sh85114487,http://id.loc.gov/authorities/subjects/sh85111063,http://id.loc.gov/authorities/subjects/sh87003234,,,,,,Tunnel,open
df735027q,Image,,,https://scua.uoregon.edu/repositories/2/resources/2643,PH037_b151_FL00134,http://id.loc.gov/authorities/names/n80126183,PH037,http://id.loc.gov/authorities/names/no2003116678,http://purl.org/dc/dcmitype/Image,http://rightsstatements.org/vocab/InC/1.0/,,,,,,http://id.loc.gov/authorities/subjects/sh85049332,http://id.loc.gov/authorities/subjects/sh85053101,http://id.loc.gov/authorities/subjects/sh85127267,,,,,,,PH037_b151_FL00134 Angelus Studio Photographs,open
df72ck15b,Image,,,https://scua.uoregon.edu/repositories/2/resources/2643,PH037_b123_Z01463,http://id.loc.gov/authorities/names/n80126183,PH037,http://id.loc.gov/authorities/names/no2003116678,http://purl.org/dc/dcmitype/Image,http://rightsstatements.org/vocab/InC/1.0/,,http://id.loc.gov/authorities/subjects/sh85039802,http://id.loc.gov/authorities/subjects/sh2003004821,http://id.loc.gov/authorities/subjects/sh85082013,http://id.loc.gov/authorities/subjects/sh85121561,http://id.loc.gov/authorities/subjects/sh85121560,http://id.loc.gov/authorities/subjects/sh2010112965,http://id.loc.gov/authorities/subjects/sh89000270,http://id.loc.gov/authorities/subjects/sh2008111624,http://id.loc.gov/authorities/subjects/sh85121591,http://id.loc.gov/authorities/subjects/sh85095430,http://id.loc.gov/authorities/subjects/sh85038703,http://id.loc.gov/authorities/subjects/sh85121557,http://id.loc.gov/authorities/subjects/sh85121559,PH037_b123_Z01463 Angelus Studio Photographs,open
j3860n97f,Image,,,https://scua.uoregon.edu/repositories/2/resources/2643,PH037_b216_00922_print_v,http://id.loc.gov/authorities/names/n80126183,PH037,http://id.loc.gov/authorities/names/no2003116678,http://purl.org/dc/dcmitype/Image,http://rightsstatements.org/vocab/InC/1.0/,,,,,,http://id.loc.gov/authorities/subjects/sh87004780,http://id.loc.gov/authorities/subjects/sh85017769,http://id.loc.gov/authorities/subjects/sh85127267,,,,,,,Grand Stairway from bandstand. (verso),open
k3569884c,Image,k35698833,245804,https://scua.uoregon.edu/repositories/2/resources/2643,PH037_b220_31961_print,http://id.loc.gov/authorities/names/n80126183,PH037,http://id.loc.gov/authorities/names/no2003116678,http://purl.org/dc/dcmitype/Image,http://rightsstatements.org/vocab/InC/1.0/,,,,,,http://id.loc.gov/authorities/subjects/sh85016829,,,,,,,,,PH037_b220_31961_print (recto),open
jm215835r,Image,,,https://scua.uoregon.edu/repositories/2/resources/2643,PH037_b218_27174_print_v,http://id.loc.gov/authorities/names/n80126183,PH037,http://id.loc.gov/authorities/names/no2003116678,http://purl.org/dc/dcmitype/Image,http://rightsstatements.org/vocab/InC/1.0/,,,,,,http://id.loc.gov/authorities/subjects/sh85114487,http://id.loc.gov/authorities/subjects/sh85006259,,,,,,,,Concrete aqueduct and overhead -Dalles and California Highway (verso),open
df738h415,Image,,,https://scua.uoregon.edu/repositories/2/resources/2643,PH037_b198_50251,http://id.loc.gov/authorities/names/n80126183,PH037,http://id.loc.gov/authorities/names/no2003116678,http://purl.org/dc/dcmitype/Image,http://rightsstatements.org/vocab/InC/1.0/,,,,,,http://id.loc.gov/authorities/subjects/sh85017769,http://id.loc.gov/authorities/subjects/sh85134578,http://id.loc.gov/authorities/subjects/sh85128633,,,,,,,PH037_b198_50251,open
jm215645k,Image,,,https://scua.uoregon.edu/repositories/2/resources/2643,PH037_b218_05625_print_v,http://id.loc.gov/authorities/names/n80126183,PH037,http://id.loc.gov/authorities/names/no2003116678,http://purl.org/dc/dcmitype/Image,http://rightsstatements.org/vocab/InC/1.0/,,,,,,http://id.loc.gov/authorities/subjects/sh85114487,http://id.loc.gov/authorities/subjects/sh85050676,http://id.loc.gov/authorities/subjects/sh85010201,,,,,,,"4 miles north of Oakland, Oakland -Yoncalla section. (verso)",open
df71g9950,Image,,,https://scua.uoregon.edu/repositories/2/resources/2643,PH037_b055_H00089,http://id.loc.gov/authorities/names/n80126183,PH037,http://id.loc.gov/authorities/names/no2003116678,http://purl.org/dc/dcmitype/Image,http://rightsstatements.org/vocab/InC/1.0/,,,,,,http://id.loc.gov/authorities/subjects/sh85115792,http://id.loc.gov/authorities/names/n91016862,http://id.loc.gov/authorities/subjects/sh99003907,http://id.loc.gov/authorities/subjects/sh85010201,http://id.loc.gov/authorities/subjects/sh85136255,,,,,PH037_b055_H00089 Angelus Studio Photographs,open
df72ck07n,Image,,,https://scua.uoregon.edu/repositories/2/resources/2643,PH037_b123_Z01451,http://id.loc.gov/authorities/names/n80126183,PH037,http://id.loc.gov/authorities/names/no2003116678,http://purl.org/dc/dcmitype/Image,http://rightsstatements.org/vocab/InC/1.0/,,,,,,http://id.loc.gov/authorities/subjects/sh85082013,http://id.loc.gov/authorities/subjects/sh85048972,http://id.loc.gov/authorities/subjects/sh85095430,http://id.loc.gov/authorities/subjects/sh2003004821,http://id.loc.gov/authorities/subjects/sh85121591,http://id.loc.gov/authorities/subjects/sh85038703,http://id.loc.gov/authorities/subjects/sh85127636,http://id.loc.gov/authorities/subjects/sh85138492,,Coast Shipbuilding Co.,open
n870zz10s,Image,n870zz091,247956,https://scua.uoregon.edu/repositories/2/resources/2643,PH037_b227_B01438_print,http://id.loc.gov/authorities/names/n80126183,PH037,http://id.loc.gov/authorities/names/no2003116678,http://purl.org/dc/dcmitype/Image,http://rightsstatements.org/vocab/InC/1.0/,,,,,,http://id.loc.gov/authorities/subjects/sh85025854,http://id.loc.gov/authorities/subjects/sh2004000703,http://id.loc.gov/authorities/names/n80050645,,,,,,,PH037_b227_B01438_print (recto),open
df734z00x,Image,,,https://scua.uoregon.edu/repositories/2/resources/2643,PH037_b149_LS00194,http://id.loc.gov/authorities/names/n80126183,PH037,http://id.loc.gov/authorities/names/no2003116678,http://purl.org/dc/dcmitype/Image,http://rightsstatements.org/vocab/InC/1.0/,,,,,,http://id.loc.gov/authorities/subjects/sh85002415,http://id.loc.gov/authorities/subjects/sh85017968,http://id.loc.gov/authorities/subjects/sh85077784,http://id.loc.gov/authorities/subjects/sh85021286,,,,,,PH037_b149_LS00194 Angelus Studio Photographs,open
df738m091,Image,,,https://scua.uoregon.edu/repositories/2/resources/2643,PH037_b207_MC27627,http://id.loc.gov/authorities/names/n80126183,PH037,http://id.loc.gov/authorities/names/no2003116678,http://purl.org/dc/dcmitype/Image,http://rightsstatements.org/vocab/InC/1.0/,,,,,,http://id.loc.gov/authorities/subjects/sh85001162,http://id.loc.gov/authorities/subjects/sh85112882,http://id.loc.gov/authorities/subjects/sh85017769,http://id.loc.gov/authorities/subjects/sh85040193,,,,,,PH037_b207_MC27627,open
df734x231,Image,,,https://scua.uoregon.edu/repositories/2/resources/2643,PH037_b148_R00328,http://id.loc.gov/authorities/names/n80126183,PH037,http://id.loc.gov/authorities/names/no2003116678,http://purl.org/dc/dcmitype/Image,http://rightsstatements.org/vocab/InC/1.0/,,,,,,http://id.loc.gov/authorities/subjects/sh85105203,http://id.loc.gov/authorities/subjects/sh95005321,http://id.loc.gov/authorities/subjects/sh85128595,http://id.loc.gov/authorities/subjects/sh85111156,,,,,,PH037_b148_R00328 Angelus Studio Photographs,open
df734x851,Image,,,https://scua.uoregon.edu/repositories/2/resources/2643,PH037_b149_LS00151,http://id.loc.gov/authorities/names/n80126183,PH037,http://id.loc.gov/authorities/names/no2003116678,http://purl.org/dc/dcmitype/Image,http://rightsstatements.org/vocab/InC/1.0/,,,,,,http://id.loc.gov/authorities/subjects/sh85047299,http://id.loc.gov/authorities/subjects/sh85085370,http://id.loc.gov/authorities/subjects/sh85077784,http://id.loc.gov/authorities/subjects/sh85085369,http://id.loc.gov/authorities/subjects/sh85035434,http://id.loc.gov/authorities/subjects/sh85011902,http://id.loc.gov/authorities/subjects/sh85021286,http://id.loc.gov/authorities/subjects/sh85002415,,PH037_b149_LS00151 Angelus Studio Photographs,open
df738c54d,Image,,,https://scua.uoregon.edu/repositories/2/resources/2643,PH037_b188_Z01006,http://id.loc.gov/authorities/names/n80126183,PH037,http://id.loc.gov/authorities/names/no2003116678,http://purl.org/dc/dcmitype/Image,http://rightsstatements.org/vocab/InC/1.0/,,,,,,http://id.loc.gov/authorities/subjects/sh95008187,http://id.loc.gov/authorities/subjects/sh94002186,http://id.loc.gov/authorities/subjects/sh85065184,,,,,,,PH037_b188_Z01006,open
df738c82k,Image,,,https://scua.uoregon.edu/repositories/2/resources/2643,PH037_b188_Z01034,http://id.loc.gov/authorities/names/n80126183,PH037,http://id.loc.gov/authorities/names/no2003116678,http://purl.org/dc/dcmitype/Image,http://rightsstatements.org/vocab/InC/1.0/,,,,,,http://id.loc.gov/authorities/subjects/sh85133951,http://id.loc.gov/authorities/subjects/sh95008187,http://id.loc.gov/authorities/subjects/sh85065184,,,,,,,PH037_b188_Z01034,open
df737b69n,Image,,,https://scua.uoregon.edu/repositories/2/resources/2643,PH037_b162_74933_neg_copy1,http://id.loc.gov/authorities/names/n80126183,PH037,http://id.loc.gov/authorities/names/no2003116678,http://purl.org/dc/dcmitype/Image,http://rightsstatements.org/vocab/InC/1.0/,,,,,,http://id.loc.gov/authorities/subjects/sh85116536,http://id.loc.gov/authorities/subjects/sh85058838,http://id.loc.gov/authorities/subjects/sh85087168,,,,,,,PH037_b162_74933_neg_copy1,open
df734t82k,Image,,,https://scua.uoregon.edu/repositories/2/resources/2643,PH037_b144_H00482,http://id.loc.gov/authorities/names/n80126183,PH037,http://id.loc.gov/authorities/names/no2003116678,http://purl.org/dc/dcmitype/Image,http://rightsstatements.org/vocab/InC/1.0/,,,,,,http://id.loc.gov/authorities/subjects/sh85114811,http://id.loc.gov/authorities/subjects/sh85119004,http://id.loc.gov/authorities/subjects/sh00006101,http://id.loc.gov/authorities/subjects/sh85108808,http://id.loc.gov/authorities/subjects/sh85127595,,,,,PH037_b144_H00482 Angelus Studio Photographs,open
df738f67w,Image,,,https://scua.uoregon.edu/repositories/2/resources/2643,PH037_b193_AS27647,http://id.loc.gov/authorities/names/n80126183,PH037,http://id.loc.gov/authorities/names/no2003116678,http://purl.org/dc/dcmitype/Image,http://rightsstatements.org/vocab/InC/1.0/,,,,,,http://id.loc.gov/authorities/subjects/sh85002415,http://id.loc.gov/authorities/subjects/sh85114250,,,,,,,,PH037_b193_AS27647,open
n870zw14g,Image,n870zw136,251116,https://scua.uoregon.edu/repositories/2/resources/2643,PH037_b226_OP00097_print,http://id.loc.gov/authorities/names/n80126183,PH037,http://id.loc.gov/authorities/names/no2003116678,http://purl.org/dc/dcmitype/Image,http://rightsstatements.org/vocab/NoC-US/1.0/,http://creativecommons.org/publicdomain/mark/1.0/,,,,,http://id.loc.gov/authorities/names/no2012003168,http://id.loc.gov/authorities/subjects/sh85006530,http://id.loc.gov/authorities/subjects/sh99005476,http://id.loc.gov/authorities/subjects/sh85128633,http://id.loc.gov/authorities/subjects/sh85017769,,,,,PH037_b226_OP00097_print (recto),open
kp78h365t,Image,kp78h364j,245749,https://scua.uoregon.edu/repositories/2/resources/2643,PH037_b214_58726_print,http://id.loc.gov/authorities/names/n80126183,PH037,http://id.loc.gov/authorities/names/no2003116678,http://purl.org/dc/dcmitype/Image,http://rightsstatements.org/vocab/InC/1.0/,,,,,,http://id.loc.gov/authorities/subjects/sh85065857,http://id.loc.gov/authorities/subjects/sh85016829,http://id.loc.gov/authorities/subjects/sh85114250,,,,,,,PH037_b214_58726_print (recto),open
df720198w,Image,,,https://scua.uoregon.edu/repositories/2/resources/2643,PH037_b090_S00247,http://id.loc.gov/authorities/names/n80126183,PH037,http://id.loc.gov/authorities/names/no2003116678,http://purl.org/dc/dcmitype/Image,http://rightsstatements.org/vocab/InC/1.0/,,,,,,http://id.loc.gov/authorities/subjects/sh85122412,http://id.loc.gov/authorities/subjects/sh85090025,http://id.loc.gov/authorities/subjects/sh85021527,http://id.loc.gov/authorities/subjects/sh85095438,,,,,,PH037_b090_S00247 Angelus Studio Photographs,open
df738974g,Image,,,https://scua.uoregon.edu/repositories/2/resources/2643,PH037_b180_Z01806,http://id.loc.gov/authorities/names/n80126183,PH037,http://id.loc.gov/authorities/names/no2003116678,http://purl.org/dc/dcmitype/Image,http://rightsstatements.org/vocab/InC/1.0/,,,,,,http://id.loc.gov/authorities/subjects/sh98007384,http://id.loc.gov/authorities/subjects/sh91003988,http://id.loc.gov/authorities/subjects/sh85010367,,,,,,,PH037_b180_Z01806,open
jm215b223,Image,,,https://scua.uoregon.edu/repositories/2/resources/2643,PH037_b219_31855_print_v,http://id.loc.gov/authorities/names/n80126183,PH037,http://id.loc.gov/authorities/names/no2003116678,http://purl.org/dc/dcmitype/Image,http://rightsstatements.org/vocab/InC/1.0/,,,,,,http://id.loc.gov/authorities/subjects/sh85017769,http://id.loc.gov/authorities/subjects/sh85046823,,,,,,,,PH037_b219_31855_print (verso),open
bv73c9530,Image,bv73c952q,245096,https://scua.uoregon.edu/repositories/2/resources/2643,PH037_b221_42196_print,http://id.loc.gov/authorities/names/n80126183,PH037,http://id.loc.gov/authorities/names/no2003116678,http://purl.org/dc/dcmitype/Image,http://rightsstatements.org/vocab/InC/1.0/,,,,,,http://id.loc.gov/authorities/subjects/sh85012787,,,,,,,,,PH037_b221_42196_print (recto),open
jm215b508,Image,jm215b49h,255000,https://scua.uoregon.edu/repositories/2/resources/2643,PH037_b219_T00014_print_copy1,http://id.loc.gov/authorities/names/n80126183,PH037,http://id.loc.gov/authorities/names/no2003116678,http://purl.org/dc/dcmitype/Image,http://rightsstatements.org/vocab/InC/1.0/,,,,,,http://id.loc.gov/authorities/subjects/sh85050707,http://id.loc.gov/authorities/subjects/sh85100163,,,,,,,,PH037_b219_T00014_print_copy1 (recto),open
df71ft303,Image,,,https://scua.uoregon.edu/repositories/2/resources/2643,PH037_b021_B00369,http://id.loc.gov/authorities/names/n80126183,PH037,http://id.loc.gov/authorities/names/no2003116678,http://purl.org/dc/dcmitype/Image,http://rightsstatements.org/vocab/InC/1.0/,,,,,,http://id.loc.gov/authorities/subjects/sh85021018,http://id.loc.gov/authorities/subjects/sh85017769,http://id.loc.gov/authorities/subjects/sh85021043,http://id.loc.gov/authorities/subjects/sh85061565,http://id.loc.gov/authorities/subjects/sh85127267,http://id.loc.gov/authorities/subjects/sh85025502,http://id.loc.gov/authorities/subjects/sh85025854,,,"FaÃ§ade of St. Patrick's Cathedral, Portland. Street and trees in foreground.",open
df737n41t,Image,,,https://scua.uoregon.edu/repositories/2/resources/2643,PH037_b178_B01053,http://id.loc.gov/authorities/names/n80126183,PH037,http://id.loc.gov/authorities/names/no2003116678,http://purl.org/dc/dcmitype/Image,http://rightsstatements.org/vocab/InC/1.0/,,,,,,http://id.loc.gov/authorities/subjects/sh85041783,http://id.loc.gov/authorities/subjects/sh85005927,http://id.loc.gov/authorities/subjects/sh85010201,http://id.loc.gov/authorities/subjects/sh85017769,,,,,,PH037_b178_B01053,open
df737j20f,Image,,,https://scua.uoregon.edu/repositories/2/resources/2643,PH037_b173_57061_copy1,http://id.loc.gov/authorities/names/n80126183,PH037,http://id.loc.gov/authorities/names/no2003116678,http://purl.org/dc/dcmitype/Image,http://rightsstatements.org/vocab/InC/1.0/,,,,,,http://id.loc.gov/authorities/subjects/sh85038703,http://id.loc.gov/authorities/subjects/sh85127732,http://id.loc.gov/authorities/subjects/sh85087168,http://id.loc.gov/authorities/subjects/sh85145756,,,,,,PH037_b173_57061_copy1,open
k3569981r,Image,k35699821,245053,https://scua.uoregon.edu/repositories/2/resources/2643,PH037_b220_05556_print,http://id.loc.gov/authorities/names/n80126183,PH037,http://id.loc.gov/authorities/names/no2003116678,http://purl.org/dc/dcmitype/Image,http://rightsstatements.org/vocab/InC/1.0/,,,,,,http://id.loc.gov/authorities/subjects/sh85010201,http://id.loc.gov/authorities/subjects/sh85147274,http://id.loc.gov/authorities/subjects/sh85083510,,,,,,,PH037_b220_05556_print (recto),open
kp78hg521,Image,kp78hg51r,247643,https://scua.uoregon.edu/repositories/2/resources/2643,PH037_b215_33605_print,http://id.loc.gov/authorities/names/n80126183,PH037,http://id.loc.gov/authorities/names/no2003116678,http://purl.org/dc/dcmitype/Image,http://rightsstatements.org/vocab/InC/1.0/,,,,,,http://id.loc.gov/authorities/subjects/sh85062487,http://id.loc.gov/authorities/subjects/sh85010201,http://id.loc.gov/authorities/subjects/sh85017769,,,,,,,Hotel Arthur. (recto),open
n870zt673,Image,n870zt66t,249184,https://scua.uoregon.edu/repositories/2/resources/2643,PH037_b213_H00189_print_copy2,http://id.loc.gov/authorities/names/n80126183,PH037,http://id.loc.gov/authorities/names/no2003116678,http://purl.org/dc/dcmitype/Image,http://rightsstatements.org/vocab/InC/1.0/,,,,,,http://id.loc.gov/authorities/subjects/sh85087089,http://id.loc.gov/authorities/subjects/sh85019978,http://id.loc.gov/authorities/subjects/sh85034333,http://id.loc.gov/authorities/subjects/sh85119004,,,,,,PH037_b213_H00189_print_copy2 (recto),open
n870zz74b,Image,n870zz732,247915,https://scua.uoregon.edu/repositories/2/resources/2643,PH037_b227_39102_print,http://id.loc.gov/authorities/names/n80126183,PH037,http://id.loc.gov/authorities/names/no2003116678,http://purl.org/dc/dcmitype/Image,http://rightsstatements.org/vocab/InC/1.0/,,,,,,http://id.loc.gov/authorities/subjects/sh85040193,http://id.loc.gov/authorities/subjects/sh85005908,http://id.loc.gov/authorities/subjects/sh85128595,,,,,,,PH037_b227_39102_print (recto),open
k3569689b,Image,k35696882,247720,https://scua.uoregon.edu/repositories/2/resources/2643,PH037_b220_06615_print,http://id.loc.gov/authorities/names/n80126183,PH037,http://id.loc.gov/authorities/names/no2003116678,http://purl.org/dc/dcmitype/Image,http://rightsstatements.org/vocab/InC/1.0/,,,,,,http://id.loc.gov/authorities/subjects/sh85037216,http://id.loc.gov/authorities/subjects/sh85048564,,,,,,,,PH037_b220_06615_print (recto),open
gb19ff879,Image,,,https://scua.uoregon.edu/repositories/2/resources/2643,PH037_b228_00600_print,http://id.loc.gov/authorities/names/n80126183,PH037,http://id.loc.gov/authorities/names/no2003116678,http://purl.org/dc/dcmitype/Image,http://rightsstatements.org/vocab/InC/1.0/,,,,,,http://id.loc.gov/authorities/subjects/sh2003003584,http://id.loc.gov/authorities/subjects/sh85027307,http://id.loc.gov/authorities/subjects/sh85046354,,,,,,,Wyoming display.,open
jm215962v,Image,,,https://scua.uoregon.edu/repositories/2/resources/2643,PH037_b219_21543_v,http://id.loc.gov/authorities/names/n80126183,PH037,http://id.loc.gov/authorities/names/no2003116678,http://purl.org/dc/dcmitype/Image,http://rightsstatements.org/vocab/InC/1.0/,,,,,,http://id.loc.gov/authorities/subjects/sh85123771,http://id.loc.gov/authorities/subjects/sh85110904,http://id.loc.gov/authorities/subjects/sh85078097,,,,,,,PH037_b219_21543 (verso),open
df738h25s,Image,,,https://scua.uoregon.edu/repositories/2/resources/2643,PH037_b197_S00941,http://id.loc.gov/authorities/names/n80126183,PH037,http://id.loc.gov/authorities/names/no2003116678,http://purl.org/dc/dcmitype/Image,http://rightsstatements.org/vocab/InC/1.0/,,,,,,http://id.loc.gov/authorities/subjects/sh85114487,http://id.loc.gov/authorities/subjects/sh85114250,http://id.loc.gov/authorities/subjects/sh85145720,,,,,,,PH037_b197_S00941,open
ws859v274,Image,,,https://scua.uoregon.edu/repositories/2/resources/2643,PH037_b232_09675_print_v,http://id.loc.gov/authorities/names/n80126183,PH037,http://id.loc.gov/authorities/names/no2003116678,http://purl.org/dc/dcmitype/Image,http://rightsstatements.org/vocab/InC/1.0/,,,,,,http://id.loc.gov/authorities/subjects/sh85012606,http://id.loc.gov/authorities/subjects/sh87002619,http://id.loc.gov/authorities/subjects/sh85147931,http://id.loc.gov/authorities/subjects/sh87002620,http://id.loc.gov/authorities/subjects/sh85034333,http://id.loc.gov/authorities/subjects/sh85119371,http://id.loc.gov/authorities/subjects/sh92004662,,,PH037_b232_09675_print (verso),open
df7389583,Image,,,https://scua.uoregon.edu/repositories/2/resources/2643,PH037_b180_72423,http://id.loc.gov/authorities/names/n80126183,PH037,http://id.loc.gov/authorities/names/no2003116678,http://purl.org/dc/dcmitype/Image,http://rightsstatements.org/vocab/InC/1.0/,,,,,,http://id.loc.gov/authorities/subjects/sh85118278,http://id.loc.gov/authorities/subjects/sh98007384,,,,,,,,"Maryville School, SE 77th street, Portland, OR.",open
df71fr441,Image,,,https://scua.uoregon.edu/repositories/2/resources/2643,PH037_b014_B00006,http://id.loc.gov/authorities/names/n80126183,PH037,http://id.loc.gov/authorities/names/no2003116678,http://purl.org/dc/dcmitype/Image,http://rightsstatements.org/vocab/InC/1.0/,,,,,,http://id.loc.gov/authorities/subjects/sh85061097,http://id.loc.gov/authorities/subjects/sh85061891,http://id.loc.gov/authorities/subjects/sh85060836,http://id.loc.gov/authorities/subjects/sh96010756,http://id.loc.gov/authorities/subjects/sh85083510,http://id.loc.gov/authorities/subjects/sh98006584,,,,"Cloud Cap Inn, with four men on rooftop observation platform. Climbing rope on foreground rock.",open
df738b00w,Image,,,https://scua.uoregon.edu/repositories/2/resources/2643,PH037_b181_73257,http://id.loc.gov/authorities/names/n80126183,PH037,http://id.loc.gov/authorities/names/no2003116678,http://purl.org/dc/dcmitype/Image,http://rightsstatements.org/vocab/InC/1.0/,,,,,,http://id.loc.gov/authorities/subjects/sh89002541,http://id.loc.gov/authorities/subjects/sh85048481,http://id.loc.gov/authorities/subjects/sh85042763,,,,,,,PH037_b181_73257,open
jm214r702,Image,jm214r71b,245012,https://scua.uoregon.edu/repositories/2/resources/2643,PH037_b217_32626_print,http://id.loc.gov/authorities/names/n80126183,PH037,http://id.loc.gov/authorities/names/no2003116678,http://purl.org/dc/dcmitype/Image,http://rightsstatements.org/vocab/InC/1.0/,,,,,,http://id.loc.gov/authorities/subjects/sh85049144,http://id.loc.gov/authorities/subjects/sh85034333,http://id.loc.gov/authorities/subjects/sh85097741,,,,,,,PH037_b217_32626_print (recto),open
k3569c52q,Image,,,https://scua.uoregon.edu/repositories/2/resources/2643,PH037_b220_02412_print_v,http://id.loc.gov/authorities/names/n80126183,PH037,http://id.loc.gov/authorities/names/no2003116678,http://purl.org/dc/dcmitype/Image,http://rightsstatements.org/vocab/InC/1.0/,,,,,,http://id.loc.gov/authorities/subjects/sh85046823,http://id.loc.gov/authorities/subjects/sh85100163,,,,,,,,Farwest Canning Co. factory interior. (verso),open
df734x77b,Image,,,https://scua.uoregon.edu/repositories/2/resources/2643,PH037_b149_LS00263,http://id.loc.gov/authorities/names/n80126183,PH037,http://id.loc.gov/authorities/names/no2003116678,http://purl.org/dc/dcmitype/Image,http://rightsstatements.org/vocab/InC/1.0/,,,,,,http://id.loc.gov/authorities/subjects/sh85047299,http://id.loc.gov/authorities/subjects/sh85002415,http://id.loc.gov/authorities/subjects/sh85023298,,,,,,,PH037_b149_LS00263 Angelus Studio Photographs,open
df734v08h,Image,,,https://scua.uoregon.edu/repositories/2/resources/2643,PH037_b145_T00295_copy1,http://id.loc.gov/authorities/names/n80126183,PH037,http://id.loc.gov/authorities/names/no2003116678,http://purl.org/dc/dcmitype/Image,http://rightsstatements.org/vocab/InC/1.0/,,,,,,http://id.loc.gov/authorities/subjects/sh85078097,http://id.loc.gov/authorities/subjects/sh85078804,http://id.loc.gov/authorities/subjects/sh85078814,http://id.loc.gov/authorities/subjects/sh85078812,,,,,,Lumber camp.,open
df737802v,Image,,,https://scua.uoregon.edu/repositories/2/resources/2643,PH037_b167_72062,http://id.loc.gov/authorities/names/n80126183,PH037,http://id.loc.gov/authorities/names/no2003116678,http://purl.org/dc/dcmitype/Image,http://rightsstatements.org/vocab/InC/1.0/,,,,,,http://id.loc.gov/authorities/subjects/sh98001758,http://id.loc.gov/authorities/subjects/sh85083595,http://id.loc.gov/authorities/subjects/sh85083510,,,,,,,PH037_b167_72062,open
ws859v206,Image,,,https://scua.uoregon.edu/repositories/2/resources/2643,PH037_b232_09551_print_v,http://id.loc.gov/authorities/names/n80126183,PH037,http://id.loc.gov/authorities/names/no2003116678,http://purl.org/dc/dcmitype/Image,http://rightsstatements.org/vocab/InC/1.0/,,http://id.loc.gov/authorities/subjects/sh85119371,,,,http://id.loc.gov/authorities/subjects/sh85062487,http://id.loc.gov/authorities/subjects/sh85096476,http://id.loc.gov/authorities/subjects/sh85117166,http://id.loc.gov/authorities/subjects/sh85047861,http://id.loc.gov/authorities/subjects/sh85012606,http://id.loc.gov/authorities/subjects/sh87002619,http://id.loc.gov/authorities/subjects/sh85119367,http://id.loc.gov/authorities/subjects/sh87002620,http://id.loc.gov/authorities/subjects/sh85093871,North Beach Hotel and Park. (verso),open
df738q625,Image,,,https://scua.uoregon.edu/repositories/2/resources/2643,PH037_b210_67501_nitrate,http://id.loc.gov/authorities/names/n80126183,PH037,http://id.loc.gov/authorities/names/no2003116678,http://purl.org/dc/dcmitype/Image,http://rightsstatements.org/vocab/InC/1.0/,,,,,,http://id.loc.gov/authorities/subjects/sh85083510,http://id.loc.gov/authorities/subjects/sh85147274,http://id.loc.gov/authorities/subjects/sh85049144,http://id.loc.gov/authorities/names/n82215451,,,,,,PH037_b210_67501_nitrate,open
ws85b508z,Image,ws85b507p,255133,https://scua.uoregon.edu/repositories/2/resources/2643,PH037_b236_T00006_print_copy3,http://id.loc.gov/authorities/names/n80126183,PH037,http://id.loc.gov/authorities/names/no2003116678,http://purl.org/dc/dcmitype/Image,http://rightsstatements.org/vocab/NoC-US/1.0/,http://creativecommons.org/publicdomain/mark/1.0/,,,,,http://id.loc.gov/authorities/subjects/sh85135386,http://id.loc.gov/authorities/subjects/sh85136466,http://id.loc.gov/authorities/subjects/sh85078096,http://id.loc.gov/authorities/subjects/sh85079362,http://id.loc.gov/authorities/subjects/sh85078097,http://id.loc.gov/authorities/subjects/sh85078084,,,,Old time tractor and logs.  (recto),open
df737776f,Image,,,https://scua.uoregon.edu/repositories/2/resources/2643,PH037_b166_02358,http://id.loc.gov/authorities/names/n80126183,PH037,http://id.loc.gov/authorities/names/no2003116678,http://purl.org/dc/dcmitype/Image,http://rightsstatements.org/vocab/InC/1.0/,,,,,,http://id.loc.gov/authorities/subjects/sh85093871,http://id.loc.gov/authorities/names/n2002117083,http://id.loc.gov/authorities/subjects/sh85040193,,,,,,,PH037_b166_02358,open
df7351218,Image,,,https://scua.uoregon.edu/repositories/2/resources/2643,PH037_b153_T00138,http://id.loc.gov/authorities/names/n80126183,PH037,http://id.loc.gov/authorities/names/no2003116678,http://purl.org/dc/dcmitype/Image,http://rightsstatements.org/vocab/InC/1.0/,,,,,,http://id.loc.gov/authorities/subjects/sh85050609,http://id.loc.gov/authorities/subjects/sh85050707,,,,,,,,PH037_b153_T00138 Angelus Studio Photographs,open
kp78h5967,Image,,,https://scua.uoregon.edu/repositories/2/resources/2643,PH037_b214_48318_print_v,http://id.loc.gov/authorities/names/n80126183,PH037,http://id.loc.gov/authorities/names/no2003116678,http://purl.org/dc/dcmitype/Image,http://rightsstatements.org/vocab/InC/1.0/,,,,,,http://id.loc.gov/authorities/subjects/sh86005000,http://id.loc.gov/authorities/subjects/sh85039407,,,,,,,,PH037_b214_48318_print (verso),open
df738k281,Image,,,https://scua.uoregon.edu/repositories/2/resources/2643,PH037_b206_Z00574,http://id.loc.gov/authorities/names/n80126183,PH037,http://id.loc.gov/authorities/names/no2003116678,http://purl.org/dc/dcmitype/Image,http://rightsstatements.org/vocab/InC/1.0/,,,,,,http://id.loc.gov/authorities/subjects/sh85109802,http://id.loc.gov/authorities/subjects/sh85047932,http://id.loc.gov/authorities/subjects/sh2007002543,http://id.loc.gov/authorities/subjects/sh85147274,http://id.loc.gov/authorities/subjects/sh85105203,http://id.loc.gov/authorities/names/n82215451,,,,Queen Jean II.  Portland Rose Festival.,open
df71g4550,Image,,,https://scua.uoregon.edu/repositories/2/resources/2643,PH037_b034_B00776,http://id.loc.gov/authorities/names/n80126183,PH037,http://id.loc.gov/authorities/names/no2003116678,http://purl.org/dc/dcmitype/Image,http://rightsstatements.org/vocab/InC/1.0/,,,,,,http://id.loc.gov/authorities/subjects/sh85040193,http://id.loc.gov/authorities/subjects/sh85005908,http://id.loc.gov/authorities/subjects/sh85017769,,,,,,,"Serene Court Apartments, on E. 1st St., Portland.",open
df737745f,Image,,,https://scua.uoregon.edu/repositories/2/resources/2643,PH037_b166_82941,http://id.loc.gov/authorities/names/n80126183,PH037,http://id.loc.gov/authorities/names/no2003116678,http://purl.org/dc/dcmitype/Image,http://rightsstatements.org/vocab/InC/1.0/,,,,,,http://id.loc.gov/authorities/subjects/sh85048485,http://id.loc.gov/authorities/subjects/sh85017769,http://id.loc.gov/authorities/subjects/sh85057399,,,,,,,PH037_b166_82941,open
kp78hf266,Image,,,https://scua.uoregon.edu/repositories/2/resources/2643,PH037_b215_03106_print_v,http://id.loc.gov/authorities/names/n80126183,PH037,http://id.loc.gov/authorities/names/no2003116678,http://purl.org/dc/dcmitype/Image,http://rightsstatements.org/vocab/InC/1.0/,,,,,,http://id.loc.gov/authorities/subjects/sh85039802,http://id.loc.gov/authorities/subjects/sh85121591,,,,,,,,PH037_b215_03106_print (verso),open
df71fr59n,Image,,,https://scua.uoregon.edu/repositories/2/resources/2643,PH037_b014_BR00136,http://id.loc.gov/authorities/names/n80126183,PH037,http://id.loc.gov/authorities/names/no2003116678,http://purl.org/dc/dcmitype/Image,http://rightsstatements.org/vocab/InC/1.0/,,,,,,http://id.loc.gov/authorities/subjects/sh85114250,http://id.loc.gov/authorities/subjects/sh85015159,http://id.loc.gov/authorities/subjects/sh85028740,http://id.loc.gov/authorities/subjects/sh94007041,http://id.loc.gov/authorities/subjects/sh92004662,,,,,PH037_b014_BR00136 Angelus Studio Photographs,open
df737d58j,Image,,,https://scua.uoregon.edu/repositories/2/resources/2643,PH037_b164_70704,http://id.loc.gov/authorities/names/n80126183,PH037,http://id.loc.gov/authorities/names/no2003116678,http://purl.org/dc/dcmitype/Image,http://rightsstatements.org/vocab/InC/1.0/,,,,,,http://id.loc.gov/authorities/subjects/sh85016829,http://id.loc.gov/authorities/subjects/sh85074392,http://id.loc.gov/authorities/subjects/sh85034369,http://id.loc.gov/authorities/subjects/sh85114250,,,,,,PH037_b164_70704,open
df738s62k,Image,,,https://scua.uoregon.edu/repositories/2/resources/2643,PH037_b202_46078_copy3,http://id.loc.gov/authorities/names/n80126183,PH037,http://id.loc.gov/authorities/names/no2003116678,http://purl.org/dc/dcmitype/Image,http://rightsstatements.org/vocab/InC/1.0/,,,,,,http://id.loc.gov/authorities/subjects/sh85035448,http://id.loc.gov/authorities/subjects/sh85138148,http://id.loc.gov/authorities/subjects/sh85122412,http://id.loc.gov/authorities/subjects/sh85145251,http://id.loc.gov/authorities/subjects/sh87002489,,,,,PH037_b202_46078_copy3,open
